suite_name,target_col,test_seed,n_train,descriptor_family,n_models,rmse_family_mean,rmse_family_best,rmse_family_std_across_models,mae_family_mean,mae_family_best,mae_family_std_across_models,r2_family_mean,r2_family_best,r2_family_std_across_models,spearman_family_mean,spearman_family_best,spearman_family_std_across_models
primary,uptake(mmol/g) CO2 at 0.015 bar,17,500,enriched_interpretable,4,0.21094749938530988,0.20670156841666784,0.00314432079532995,0.09345994159387727,0.08740889518926626,0.005727783597070229,0.2576976547563048,0.287676732748951,0.022270531104142108,0.6750203510878897,0.7402609059778567,0.05961928593395688
primary,uptake(mmol/g) CO2 at 0.015 bar,17,500,geometry_only,4,0.2121677239636063,0.20736983571785766,0.0034385136784379666,0.09651548544511582,0.0866348978093186,0.008771426157737522,0.24860430941504014,0.28246581469849186,0.024070523202674648,0.6931656920205925,0.744049134636827,0.041406981993599656
primary,uptake(mmol/g) CO2 at 0.015 bar,17,500,geometry_plus_topology,4,0.2093504754554446,0.20101184619573806,0.006458267292694583,0.09238876803767218,0.08203414077139731,0.009619116958530903,0.26846226723569,0.3266056493028828,0.04511013260638908,0.6824457310055235,0.7597366180884189,0.0662183551539477
primary,uptake(mmol/g) CO2 at 0.015 bar,17,500,topology_only,4,0.2304273902081464,0.22809310436363212,0.001964654863792385,0.10625751301340272,0.104104619252567,0.0015783403803754227,0.11509844496896385,0.13307085381478817,0.015155238934535254,0.5748651707398298,0.5843760479922618,0.008549048488147904
primary,uptake(mmol/g) CO2 at 0.015 bar,17,1000,enriched_interpretable,4,0.20732985280521335,0.20436219811748066,0.0035905375403822593,0.08985615213323778,0.08616171046958683,0.0025919154491390113,0.283156780142808,0.3037394030561346,0.025326691729486858,0.6979706559842594,0.7528332401099596,0.044111936020177295
primary,uptake(mmol/g) CO2 at 0.015 bar,17,1000,geometry_only,4,0.20877492677526052,0.2056255791359846,0.0034538460628724056,0.09391323620339481,0.08648109700700105,0.007337388785177207,0.27334370171499006,0.295347580451417,0.02409063614975293,0.7036772896771166,0.7548560494881293,0.04196204039381276
primary,uptake(mmol/g) CO2 at 0.015 bar,17,1000,geometry_plus_topology,4,0.2043015241445967,0.19933722837335272,0.0037890765889364766,0.08690629331607193,0.08086602581555151,0.00459294106929743,0.3039589693824051,0.33774519844170614,0.026083326457970596,0.7160024734062674,0.7748343015386121,0.04713907532028407
primary,uptake(mmol/g) CO2 at 0.015 bar,17,1000,topology_only,4,0.22823241486263157,0.22734289045124184,0.0011590419313429194,0.10621590265624385,0.10420754945643769,0.0017912263045060885,0.13201105060246632,0.13881169481798694,0.008875723246523285,0.5663514003443648,0.5910414344317778,0.01762794660618681
primary,uptake(mmol/g) CO2 at 0.015 bar,17,2000,enriched_interpretable,4,0.20243909881826838,0.19726903093374587,0.0042750921590109315,0.08838003555312397,0.08250027901410326,0.006835536109710678,0.31596042837710897,0.35147362409403565,0.0303194973426675,0.7246967181124688,0.7659967159989682,0.03702788672647376
primary,uptake(mmol/g) CO2 at 0.015 bar,17,2000,geometry_only,4,0.20554994519821218,0.20130828335725193,0.004629860550553954,0.08986657818184056,0.08346506348572166,0.008489680924117683,0.2956224702858194,0.32474477086862663,0.03175074372926162,0.731341197563274,0.7677689460204367,0.036639683394895144
primary,uptake(mmol/g) CO2 at 0.015 bar,17,2000,geometry_plus_topology,4,0.19769327116028917,0.19206393543141595,0.004167106385563173,0.08346457901233434,0.0771942259561262,0.005966919528762198,0.348444255260071,0.38526840828916054,0.02734343366281664,0.7316407999684084,0.7894503518704347,0.051993394860509155
primary,uptake(mmol/g) CO2 at 0.015 bar,17,2000,topology_only,4,0.22602055822914063,0.22548963479433087,0.00046540954999770706,0.10332198812055948,0.10193045790597291,0.0011489160056050347,0.14878916305242768,0.15278616107473497,0.0035021260769928907,0.5930743624523784,0.5989584359847756,0.007423783847155694
primary,uptake(mmol/g) CO2 at 0.015 bar,17,5000,enriched_interpretable,4,0.19681947177990383,0.19023084582266064,0.004726438620615088,0.08356702353000146,0.07778383563502173,0.005728896321869976,0.35415458692249224,0.3969374705431802,0.03077081585085864,0.738605055852185,0.78516301362157,0.04918874449387561
primary,uptake(mmol/g) CO2 at 0.015 bar,17,5000,geometry_only,4,0.20141140562004944,0.1956028052577906,0.006281699095659211,0.0870010874796083,0.07977274497468599,0.009755978584110472,0.32352301831532565,0.3624174259549234,0.04255032393411326,0.7415384605393832,0.7820751352727828,0.04587685435741457
primary,uptake(mmol/g) CO2 at 0.015 bar,17,5000,geometry_plus_topology,4,0.19234746372326827,0.1855073798120647,0.0052559419884847785,0.07951679526137109,0.07279250644285254,0.007007251426695793,0.3831501993811052,0.4265139717184126,0.03353675415092587,0.7504158224161088,0.8080803672204645,0.05810024007838752
primary,uptake(mmol/g) CO2 at 0.015 bar,17,5000,topology_only,4,0.22462379695142087,0.2241086305619379,0.0005797281068420538,0.10143668241942023,0.10091711368611415,0.000734612762958109,0.15925353287901578,0.16311150300993105,0.004336471229245917,0.6039353591474439,0.6144370254248971,0.010937711547209458
primary,uptake(mmol/g) CO2 at 0.015 bar,17,10000,enriched_interpretable,4,0.19272779333246287,0.18483565716862121,0.0069242058097271015,0.08060670022758838,0.07467072378185904,0.006345193753505283,0.3804747372421323,0.4307279961167693,0.0444482148243277,0.7490385491079964,0.7986980325787795,0.05197078684568057
primary,uptake(mmol/g) CO2 at 0.015 bar,17,10000,geometry_only,4,0.1982437154512818,0.19081587005780237,0.00826300389954973,0.0844696014566978,0.07711988478855933,0.010707054256205668,0.3442957929185071,0.39330728505458196,0.05538172732885289,0.7536435323010562,0.7934978516020645,0.04881834298989775
primary,uptake(mmol/g) CO2 at 0.015 bar,17,10000,geometry_plus_topology,4,0.18677699789426191,0.17904625673161495,0.007305314760674202,0.07678248173545862,0.06943890045169801,0.00800080694740607,0.418032731619815,0.46583594256290156,0.04575007619899752,0.7711402380131053,0.8226195099850943,0.0587474068718759
primary,uptake(mmol/g) CO2 at 0.015 bar,17,10000,topology_only,4,0.22314852502196697,0.22267995551785486,0.0006190350168907926,0.10093931507383355,0.10037894885243723,0.0006375745993763335,0.1702910723648549,0.17377573308349037,0.0046059240135394135,0.6146498499482298,0.6189368695938418,0.005509006055383403
primary,uptake(mmol/g) CO2 at 0.015 bar,17,20000,enriched_interpretable,4,0.18966181842436605,0.18031212259287527,0.009148862824457366,0.07969236927180437,0.07196491045198367,0.007249227909571808,0.3995627695601648,0.45826053212991696,0.058012170338228454,0.7562364579096683,0.8115177737739948,0.05409233621566189
primary,uptake(mmol/g) CO2 at 0.015 bar,17,20000,geometry_only,4,0.1949177362228306,0.18694869385730306,0.010310094762081857,0.0830585903723625,0.07479317799768592,0.011737039543150172,0.3656158881192989,0.4176388013793407,0.06847172718595149,0.7579282741191645,0.8051131059431302,0.05271494474856243
primary,uptake(mmol/g) CO2 at 0.015 bar,17,20000,geometry_plus_topology,4,0.18302877590479916,0.17291199681754696,0.009503621982238203,0.07497644150134027,0.0665271763525985,0.008640108151160987,0.440655693636054,0.5018010532842041,0.058453305617723134,0.777533002491754,0.8342261362696,0.06219527002646569
primary,uptake(mmol/g) CO2 at 0.015 bar,17,20000,topology_only,4,0.22253560704023354,0.2220472248727315,0.0005700262923071622,0.10082487415288234,0.10028770218507303,0.0006592147752218714,0.17484591640695196,0.1784685465673954,0.0042309875786666834,0.6168186232972308,0.6196110018206002,0.002386941605261987
primary,uptake(mmol/g) CO2 at 0.015 bar,17,40000,enriched_interpretable,4,0.18567509398631576,0.1739929501062783,0.011539727916034078,0.07753652025827834,0.0691405560061317,0.008218621605725847,0.42386748380215133,0.4955508437992808,0.07198738545981131,0.7649328116896472,0.821610471771886,0.05704821142076237
primary,uptake(mmol/g) CO2 at 0.015 bar,17,40000,geometry_only,4,0.19236350451615128,0.18130202520661295,0.012474665405479774,0.08200459170247688,0.07232452384423092,0.012389384808973454,0.3814865107157407,0.4522965906391094,0.08170419016404035,0.7656475126556817,0.8139814126956647,0.05605079074538588
primary,uptake(mmol/g) CO2 at 0.015 bar,17,40000,geometry_plus_topology,4,0.17779775967212708,0.16536783788762846,0.012667356471301378,0.0726505965244904,0.06363624421585751,0.009778439486668915,0.4712460435006684,0.5443372489517099,0.0763755052743616,0.7855162198834311,0.842661603721508,0.0644902288642812
primary,uptake(mmol/g) CO2 at 0.015 bar,17,40000,topology_only,4,0.22189349346742107,0.22172922032117856,0.0001446432122625753,0.10011345432722218,0.09984404902750063,0.00032212566137661866,0.17960566894464491,0.1808209846523157,0.0010706535501455593,0.6185348363034678,0.6214345468232667,0.0025443388250221705
primary,uptake(mmol/g) CO2 at 0.015 bar,17,210995,enriched_interpretable,4,0.17782438685060042,0.16078812735986997,0.017156102032760155,0.07395261950705281,0.06373347707775688,0.010368832712048665,0.4692266653620581,0.569234229431721,0.10349659936091828,0.7771474044359752,0.8375356371156759,0.06277361305857657
primary,uptake(mmol/g) CO2 at 0.015 bar,17,210995,geometry_only,4,0.18577118513975216,0.16981095745704436,0.017255300712284694,0.07900019910045003,0.06756057908703117,0.014377497279953202,0.42123890264279995,0.5195317538182278,0.10996320781919706,0.7773947506500077,0.8289155663167527,0.062377552056945416
primary,uptake(mmol/g) CO2 at 0.015 bar,17,210995,geometry_plus_topology,4,0.1664109100098966,0.14769465538695434,0.02007293413003084,0.06840132499922746,0.05740752541015502,0.012265525069105313,0.5335409167596187,0.6365343769973671,0.11554832093511241,0.8011678169453647,0.85678818984777,0.07051021432675877
primary,uptake(mmol/g) CO2 at 0.015 bar,17,210995,topology_only,4,0.22135009778887565,0.22127862036854395,7.02886402438997e-05,0.09966642997304724,0.09915877553705824,0.00034375912227378025,0.18361992444860595,0.18414716184258106,0.0005184856488674217,0.6184961017456707,0.6207751147071591,0.00392747173970655
primary,uptake(mmol/g) CO2 at 0.15 bar,17,500,enriched_interpretable,4,0.7225891019664765,0.6769220214231215,0.04807644024613264,0.42734340822370875,0.4041004526956554,0.021091631193050537,0.4682654930862298,0.5431973137933173,0.08720574728652138,0.7982782090809295,0.8130353420835323,0.012734096697181289
primary,uptake(mmol/g) CO2 at 0.15 bar,17,500,geometry_only,4,0.7161881424245097,0.6812186087046493,0.02840754862700318,0.44044507522643644,0.4062114144758528,0.03968773563663819,0.4874639465764061,0.5371901726892214,0.04057182323299236,0.7942830789420129,0.8137194775719385,0.014752156923453587
primary,uptake(mmol/g) CO2 at 0.15 bar,17,500,geometry_plus_topology,4,0.6686591748921031,0.6346864734686536,0.03324428887312564,0.3854499763082375,0.37109478984567973,0.01165695193196706,0.5464465901460576,0.5984495804355572,0.05726391903205417,0.8214267063000517,0.8315368155292434,0.006748755110396461
primary,uptake(mmol/g) CO2 at 0.15 bar,17,500,topology_only,4,0.8035424147073783,0.8008216018311771,0.0022755972146029633,0.5303724597284595,0.5268819494527,0.003910033659544976,0.35646724888242676,0.36080956922507423,0.003632861920962449,0.6316184125863074,0.6364171200070643,0.007938117032301784
primary,uptake(mmol/g) CO2 at 0.15 bar,17,1000,enriched_interpretable,4,0.6804574092074641,0.6488992234128895,0.029956172811807166,0.40956024477730324,0.3878420772434098,0.023058570320267143,0.5375786746001088,0.5803520773525924,0.04091533536241958,0.8120015005589178,0.8253971510941659,0.011414337518208468
primary,uptake(mmol/g) CO2 at 0.15 bar,17,1000,geometry_only,4,0.6970963987143141,0.6568782945935843,0.03851380830947944,0.427619373224967,0.3919947640320086,0.04548870916245237,0.514246984389836,0.5699667650356599,0.054038883979204956,0.8077701333373709,0.8247604344327446,0.014489996016263417
primary,uptake(mmol/g) CO2 at 0.15 bar,17,1000,geometry_plus_topology,4,0.630345524366338,0.6085050438051116,0.021053164011142485,0.3674595943560781,0.3539725109772297,0.016208758500453096,0.6035582949032018,0.6309583791783562,0.026667754889314946,0.8354207479751261,0.8436815320056086,0.007011196349368205
primary,uptake(mmol/g) CO2 at 0.15 bar,17,1000,topology_only,4,0.8002220342933504,0.7978014983712163,0.002594414500852035,0.525902372354615,0.5221240999868313,0.004257380361294008,0.3618188655472143,0.365691048172385,0.004151392828753393,0.6333260161874292,0.6396802497957204,0.009509012108034908
primary,uptake(mmol/g) CO2 at 0.15 bar,17,2000,enriched_interpretable,4,0.6615701869833105,0.6300681346566456,0.03603726720919679,0.39815270254699,0.3754514111621536,0.029579591846842102,0.5625929422677359,0.6043469434519965,0.0481700932345027,0.823514701214422,0.8355670341917039,0.013338798894721171
primary,uptake(mmol/g) CO2 at 0.15 bar,17,2000,geometry_only,4,0.6775201621981268,0.6402206036423767,0.046348302581700265,0.4150740617047376,0.38121377284955776,0.05228825417259506,0.5409186988926669,0.59150659586541,0.06435167307149264,0.8197909016838201,0.833731428196443,0.017849923999859782
primary,uptake(mmol/g) CO2 at 0.15 bar,17,2000,geometry_plus_topology,4,0.6139407898719551,0.5914317035058202,0.02623066228334831,0.3588610633255544,0.3423969124490784,0.021525288339783042,0.6237778832824483,0.6513868359093892,0.032534782461770925,0.8448834034294064,0.8542522400573478,0.010341989787216371
primary,uptake(mmol/g) CO2 at 0.15 bar,17,2000,topology_only,4,0.7951723950334759,0.7931942403286646,0.002606439144540129,0.5238773483240835,0.5212987270222533,0.0030380534692748024,0.36985228912909063,0.3729966747107338,0.004136307399280172,0.6393094655100399,0.6443429225334695,0.008086891010031594
primary,uptake(mmol/g) CO2 at 0.15 bar,17,5000,enriched_interpretable,4,0.6380148728780131,0.6022755261171808,0.04878799064938482,0.38234726665788066,0.3538681055020425,0.038965194068961116,0.5925048293779769,0.6384956498767824,0.06355805210272562,0.8363918126719476,0.8509310413633464,0.020443483558174297
primary,uptake(mmol/g) CO2 at 0.15 bar,17,5000,geometry_only,4,0.6607824099030165,0.6171009189838852,0.05839283987459003,0.4047120003711074,0.36425628694678835,0.061145267468056756,0.5622613575244972,0.6204725763630393,0.07954771328156646,0.8284031671461108,0.8463859043319097,0.02474209368486517
primary,uptake(mmol/g) CO2 at 0.15 bar,17,5000,geometry_plus_topology,4,0.5917267350453278,0.5658450796395558,0.036677379087801276,0.3434840564186522,0.32380054484106013,0.029731881017350966,0.650029745780993,0.6808926241834768,0.04437476542364336,0.8585414585081064,0.8681063229679282,0.016505094045103023
primary,uptake(mmol/g) CO2 at 0.15 bar,17,5000,topology_only,4,0.79143717759915,0.7900757312553852,0.001988173302546093,0.5222713630772158,0.5204369483879833,0.0020589226385959083,0.3757727522190283,0.37792174931936884,0.0031397220783322714,0.642809508854944,0.6464944029129029,0.005400396815279028
primary,uptake(mmol/g) CO2 at 0.15 bar,17,10000,enriched_interpretable,4,0.6216058951190704,0.5794827424049169,0.058473310375265146,0.3721467084140694,0.34004782403480593,0.04577197166182404,0.6123582260218724,0.6653383576145097,0.07483812627100038,0.8436634262802973,0.8611560411163712,0.02522143603555594
primary,uptake(mmol/g) CO2 at 0.15 bar,17,10000,geometry_only,4,0.6444504184109626,0.5983382741574808,0.0679392587413278,0.3937606449788883,0.3514567012824945,0.06749191486967519,0.5826354093697247,0.6431972721465462,0.09132457755063939,0.8359100862413626,0.8551592701140731,0.028675064554379587
primary,uptake(mmol/g) CO2 at 0.15 bar,17,10000,geometry_plus_topology,4,0.5765096930970801,0.5421975316706397,0.046194188440246954,0.3345468513098273,0.3105939579435299,0.036187806345125445,0.6671555217085783,0.7070054938177851,0.05469977716084138,0.8649917903069054,0.878707922167048,0.021170903162079813
primary,uptake(mmol/g) CO2 at 0.15 bar,17,10000,topology_only,4,0.7897618694605479,0.788665406944709,0.0017053150926744853,0.5209251661097887,0.519503735248507,0.0015428067705465112,0.37841476818715486,0.38014160774587086,0.002686798861223335,0.6451611947857847,0.647287844643731,0.003769953379042769
primary,uptake(mmol/g) CO2 at 0.15 bar,17,20000,enriched_interpretable,4,0.6094286355876338,0.5589185438794861,0.06656113147992151,0.36458764146678635,0.3260993324530913,0.05084629123522395,0.6265515741640586,0.6886779683234205,0.08398611524634153,0.8488172568260364,0.8709051034314467,0.028315832120782394
primary,uptake(mmol/g) CO2 at 0.15 bar,17,20000,geometry_only,4,0.6329039417880072,0.5810189455764826,0.07503022815293087,0.38706075003815144,0.33995845560996224,0.07145910824138754,0.5965928663479294,0.6635699421147601,0.09982345217427754,0.8410027277060328,0.8632966860023599,0.03118034363086944
primary,uptake(mmol/g) CO2 at 0.15 bar,17,20000,geometry_plus_topology,4,0.5601324367148541,0.5223907905199602,0.05537924104950242,0.3258369898270641,0.2966479530793443,0.04130639215609504,0.6850286300223132,0.728039259695821,0.06442641320752827,0.8704903947155685,0.8881715518800364,0.02380182708950598
primary,uptake(mmol/g) CO2 at 0.15 bar,17,20000,topology_only,4,0.7882855524066883,0.7873298304954439,0.0012928505524782395,0.5185018313796697,0.5177205597735123,0.0011788555775419892,0.3807377700316499,0.382240193579786,0.002033474173812994,0.6481376298275778,0.6492838028933108,0.001617077984583835
primary,uptake(mmol/g) CO2 at 0.15 bar,17,40000,enriched_interpretable,4,0.5957475870018062,0.5379857571644877,0.07488399411342674,0.35644705323511416,0.31240750154658964,0.056225587127549,0.6421031167790398,0.7115621434355802,0.09323267203566013,0.8532571368036046,0.8793585852455097,0.03171843760607323
primary,uptake(mmol/g) CO2 at 0.15 bar,17,40000,geometry_only,4,0.6232397330230485,0.5641061930676492,0.08197724056124656,0.38077438093353644,0.3290537511606261,0.07584596237794644,0.6078773283537443,0.6828755701095186,0.10780560240000187,0.8454801866832686,0.870562679691336,0.034128310953640884
primary,uptake(mmol/g) CO2 at 0.15 bar,17,40000,geometry_plus_topology,4,0.5444395006942092,0.4963574195870922,0.06544588092839364,0.3176495435233474,0.28200946345185696,0.046703091688476236,0.7013968333181755,0.7544693994486071,0.07463616836774394,0.8753217528535983,0.8964322366634677,0.026803842648798384
primary,uptake(mmol/g) CO2 at 0.15 bar,17,40000,topology_only,4,0.7868982964661932,0.7864552395059972,0.0003167029685575651,0.5162567661562389,0.5138446751859503,0.001657360239862305,0.3829171811837107,0.3836120111558935,0.0004966973747250565,0.651227925061747,0.6518682462863182,0.0007166760667862139
primary,uptake(mmol/g) CO2 at 0.15 bar,17,210995,enriched_interpretable,4,0.572491937149904,0.49391287423077557,0.09073514777706063,0.34229639188858213,0.2854166625484812,0.06597592252367629,0.6672219860420088,0.7568876951869591,0.10982368415919776,0.8610957035992153,0.8954681639495456,0.03794587394922328
primary,uptake(mmol/g) CO2 at 0.15 bar,17,210995,geometry_only,4,0.6052702443930835,0.5285459569863329,0.09493145865838679,0.3701124358312413,0.3078713858107051,0.0834349254064449,0.6281661774478776,0.7215983962104164,0.12208399844873154,0.8518656745037468,0.8846653271086968,0.03909685970035304
primary,uptake(mmol/g) CO2 at 0.15 bar,17,210995,geometry_plus_topology,4,0.5164241345877634,0.4432913592101097,0.08499023370165212,0.30272715950552875,0.25282891649234374,0.057644922781692545,0.728821455158315,0.8041674966911865,0.0931508414934733,0.8833858226542377,0.9113194474160918,0.032784346807615175
primary,uptake(mmol/g) CO2 at 0.15 bar,17,210995,topology_only,4,0.7862439180039695,0.7859789429761779,0.0003740097907179839,0.5168442273668544,0.5164026155265339,0.0003659003681020056,0.38394314682447905,0.384358427589844,0.0005862119949457355,0.65283561174311,0.6533828069141211,0.00049309138821297
primary,uptake(mmol/g) methane at 5.8 bar,17,500,enriched_interpretable,4,1.0061790840257459,0.9679273341461385,0.0325493875018242,0.7598441171971109,0.7327805207277799,0.025427488460350645,0.5038596655638454,0.5414092267922187,0.03222201135511583,0.7298916215461282,0.7452201575429427,0.014371290566430692
primary,uptake(mmol/g) methane at 5.8 bar,17,500,geometry_only,4,1.032164123014942,0.9863583447601794,0.04312251305446119,0.7799457640850085,0.7431684630245377,0.0363762363286542,0.4778552007064976,0.5238580399709245,0.04393116432286904,0.7131785102384535,0.7348334171617054,0.024963868728484225
primary,uptake(mmol/g) methane at 5.8 bar,17,500,geometry_plus_topology,4,0.9244338890496521,0.8993411955714137,0.021966025722565206,0.6960375097402407,0.6812832867930145,0.010784009574263813,0.5810611013852558,0.604148050210417,0.020741381785301622,0.7751642115923962,0.780537165294087,0.006862472872389726
primary,uptake(mmol/g) methane at 5.8 bar,17,500,topology_only,4,1.1400963307654024,1.1375960659939792,0.0019007128302502983,0.8744927838957577,0.8716246495228296,0.0019994347343314203,0.36387147310765966,0.36666721083853704,0.0021286745794523994,0.6191659035104593,0.6235287262951048,0.0043484885637198895
primary,uptake(mmol/g) methane at 5.8 bar,17,1000,enriched_interpretable,4,0.9626300539536286,0.9307114715787025,0.04162982971256719,0.7263531054924541,0.7005595847629372,0.03671609828471652,0.5457483248141918,0.5760578198563187,0.03987584836612823,0.7510481411019834,0.7669471336535141,0.023291293251624122
primary,uptake(mmol/g) methane at 5.8 bar,17,1000,geometry_only,4,0.993746247966117,0.9477450165984562,0.06080738935141464,0.7484988379225873,0.7105038071429817,0.05128293561932689,0.5152461775584826,0.560418457098238,0.060701668735089725,0.7335862204562634,0.7567245490616841,0.03531575369201404
primary,uptake(mmol/g) methane at 5.8 bar,17,1000,geometry_plus_topology,4,0.8815414051349325,0.8555144582656965,0.025599007926694884,0.6652869614658616,0.6447775490884806,0.021159432471795688,0.6184115677459547,0.6417871317534519,0.023206452959267012,0.793504843783648,0.8035647624681559,0.01082055475016396
primary,uptake(mmol/g) methane at 5.8 bar,17,1000,topology_only,4,1.1318870836832726,1.130676747493912,0.0017321215836161074,0.8661477447246482,0.8647263537524758,0.0019799816333130917,0.373000922093774,0.3743409913313829,0.0019184677294286677,0.6249183205396053,0.6258052865203949,0.0010264196937816042
primary,uptake(mmol/g) methane at 5.8 bar,17,2000,enriched_interpretable,4,0.9244820217163964,0.8892880910361715,0.06117581722017368,0.6946989166706967,0.6641596806082314,0.054242301787240405,0.5803354364992008,0.612962977751163,0.05711274661482129,0.772105423595405,0.7918035049857907,0.03366084220232352
primary,uptake(mmol/g) methane at 5.8 bar,17,2000,geometry_only,4,0.9583890561935842,0.9102849901380647,0.08226922542472513,0.7200264907918694,0.678890883309401,0.06846732844940664,0.5479712696044181,0.5944768320524447,0.08042351082409797,0.7524153493652768,0.7773546392152919,0.047123789277660935
primary,uptake(mmol/g) methane at 5.8 bar,17,2000,geometry_plus_topology,4,0.830312555359792,0.8013025884565312,0.044230448293547164,0.6237863274484281,0.5988719636149015,0.03806754596662057,0.6618693109735649,0.6857234028038256,0.03684835581511654,0.8187712346024938,0.8344956817488647,0.020187221519176905
primary,uptake(mmol/g) methane at 5.8 bar,17,2000,topology_only,4,1.12749383805365,1.125941298610781,0.0017366761503703415,0.8631101088978402,0.8611661234277047,0.0024961701321278367,0.3778648024440411,0.37958063218668564,0.0019208850245350888,0.6256941130867812,0.6266561030687788,0.001319978653991987
primary,uptake(mmol/g) methane at 5.8 bar,17,5000,enriched_interpretable,4,0.8894505295079163,0.8360234346363102,0.08280689969148734,0.6661457062593941,0.6218432073041513,0.07155747922105907,0.6103031687727583,0.6579423929625955,0.07511821328744106,0.7888703546232216,0.8158764647471065,0.04400422985635667
primary,uptake(mmol/g) methane at 5.8 bar,17,5000,geometry_only,4,0.9282081370256352,0.8703067781999255,0.10129248750883729,0.694558072266819,0.6440093506997989,0.08437622724880675,0.5745804317897222,0.6293118818601476,0.0969543044932266,0.767549809590061,0.798393205661081,0.056700267539243995
primary,uptake(mmol/g) methane at 5.8 bar,17,5000,geometry_plus_topology,4,0.7990581872047323,0.7620268970542623,0.06108367748637635,0.5978939998072449,0.5680024701091415,0.05188304160107899,0.6861555748412094,0.7158152418807597,0.0495611516643236,0.832476306801611,0.8473186952103979,0.026960198698358653
primary,uptake(mmol/g) methane at 5.8 bar,17,5000,topology_only,4,1.1238038306792557,1.1231245376316008,0.0009654734901235498,0.8599393286963217,0.8589720924778683,0.0014474975818152271,0.3819326956326674,0.3826812403181913,0.0010648037393515537,0.6281128001726383,0.6288643159504324,0.0006762669220901853
primary,uptake(mmol/g) methane at 5.8 bar,17,10000,enriched_interpretable,4,0.8710392705575518,0.8112101702668632,0.09482622986330341,0.6507254354223349,0.5984511807798981,0.08166971159772758,0.6253886180666979,0.6779474372228049,0.08481547258092545,0.7977530507779481,0.8273158630333695,0.04956575624825224
primary,uptake(mmol/g) methane at 5.8 bar,17,10000,geometry_only,4,0.9116760958828805,0.8450082595933331,0.11229748611494382,0.680888512114477,0.6219860832756504,0.09343166528259697,0.5886129681724483,0.6505571261986949,0.10619874541328128,0.7759758244078315,0.8109588305634883,0.062159680455951834
primary,uptake(mmol/g) methane at 5.8 bar,17,10000,geometry_plus_topology,4,0.7793951332766708,0.7359635509153714,0.0734135971760179,0.5820661946984079,0.5451301126286092,0.061948557188471594,0.7007389653024851,0.7349257780362214,0.05854247581107232,0.8405561347686074,0.8579024136805391,0.03175973996025366
primary,uptake(mmol/g) methane at 5.8 bar,17,10000,topology_only,4,1.1223430724065864,1.122070057341584,0.00031090263754055675,0.8586183872737456,0.8583055041587538,0.0003942108098864706,0.3835403895711247,0.3838403393595978,0.00034162068622477253,0.6303528235545561,0.6304857899282205,0.0002589121563497375
primary,uptake(mmol/g) methane at 5.8 bar,17,20000,enriched_interpretable,4,0.851716991180802,0.7808922921088992,0.10699427466513119,0.6358993768937471,0.5739331231312396,0.09117967288309117,0.6407809665487707,0.7015714842361683,0.09443729321602361,0.806364462311739,0.840892692624851,0.05504161039703334
primary,uptake(mmol/g) methane at 5.8 bar,17,20000,geometry_only,4,0.8970029271960474,0.8201910884191259,0.1220265016143155,0.6695078446430023,0.6013693965233955,0.10159808227766015,0.6007640259897942,0.6707811478204722,0.11421351870392883,0.782815448239477,0.8229238869976644,0.06676316898802055
primary,uptake(mmol/g) methane at 5.8 bar,17,20000,geometry_plus_topology,4,0.7599825508202668,0.7062401239807495,0.08553613427252273,0.5667043104699764,0.5192407483115533,0.07197458372212759,0.7146528956851601,0.7559039268101418,0.06710427331664617,0.8478005002267809,0.8683609317875429,0.03617412416468034
primary,uptake(mmol/g) methane at 5.8 bar,17,20000,topology_only,4,1.1215918143855963,1.1210513765201517,0.0004291197032232219,0.8583504937994308,0.8577556905775895,0.0004571047345525504,0.3843653640684406,0.38495860258931636,0.00047107658496158293,0.6312801937846368,0.6316817743790489,0.0002769228595902109
primary,uptake(mmol/g) methane at 5.8 bar,17,40000,enriched_interpretable,4,0.8379027606342434,0.7572744743362894,0.11617221152469864,0.6248855830689334,0.553817025929245,0.09884545619542051,0.6514516892095813,0.7193524909261573,0.10146169390771435,0.812280953239357,0.8510109008980187,0.05913875961039075
primary,uptake(mmol/g) methane at 5.8 bar,17,40000,geometry_only,4,0.8877927816184581,0.8014571674580209,0.12848737740665644,0.6614637330596203,0.5843066182643813,0.10721258790106233,0.6082108840666371,0.6856494893632098,0.11933657725795233,0.7870454520270935,0.831751520515178,0.06973294554429817
primary,uptake(mmol/g) methane at 5.8 bar,17,40000,geometry_plus_topology,4,0.7456327795052974,0.6822155422998086,0.09513909357060575,0.5553633356568053,0.49954371358427574,0.07976623817430788,0.7245850933314052,0.7722279217257306,0.07366222700496662,0.8528806436890265,0.8767424006028108,0.03963698069026121
primary,uptake(mmol/g) methane at 5.8 bar,17,40000,topology_only,4,1.1211586833631197,1.120599824251002,0.00042204142994131915,0.8579120920942158,0.8572690083167899,0.0005132679873136195,0.3848407348581352,0.38545398629633276,0.00046318560819865725,0.6316670845055347,0.6318893611151628,0.00025349012931363325
primary,uptake(mmol/g) methane at 5.8 bar,17,210995,enriched_interpretable,4,0.8158639688018077,0.7190088268247332,0.13154844225584725,0.6059325385462856,0.5185789320045606,0.11262070608043112,0.6678932190039476,0.7469992547883019,0.11267834660050931,0.8213898946290992,0.866834301153532,0.06545435335650558
primary,uptake(mmol/g) methane at 5.8 bar,17,210995,geometry_only,4,0.865398408749659,0.7644327234167266,0.14424337473430746,0.6415110357218009,0.5504382836144804,0.12145611967365652,0.625851904393125,0.714022467362665,0.13158441560169498,0.7973618631494528,0.8492056506600114,0.07708049890428334
primary,uptake(mmol/g) methane at 5.8 bar,17,210995,geometry_plus_topology,4,0.7204847632742502,0.6378796846603018,0.11349586322762027,0.5346007265205402,0.46067674267188,0.09571273818540349,0.7412249239848323,0.8008726622250414,0.08547035998798326,0.8615770670344391,0.8914445097333109,0.04568318130628534
primary,uptake(mmol/g) methane at 5.8 bar,17,210995,topology_only,4,1.1205976938920443,1.1203197097005575,0.0003148762559742914,0.8573807189111353,0.857010032501335,0.0003641395870002731,0.38545629560613853,0.38576119511201057,0.0003453741586918555,0.6317791721000634,0.6319795871346641,0.00021394325915122657
primary,uptake(mmol/g) methane at 65 bar,17,500,enriched_interpretable,4,1.552256451750512,1.4560146168818902,0.08391695657854198,1.0980761044862364,1.0396912489393892,0.06288928465281111,0.9458523676472077,0.9524632897932831,0.005858185912039702,0.9797675285449894,0.9823083004736534,0.0029260051846389584
primary,uptake(mmol/g) methane at 65 bar,17,500,geometry_only,4,1.6757623740290757,1.46600567598129,0.18673527043217428,1.1928338363216966,1.0610460524878491,0.13713619290382603,0.9364654347806585,0.9518162762198422,0.014028282704569127,0.9765129707189913,0.9815098998900458,0.006200266837918795
primary,uptake(mmol/g) methane at 65 bar,17,500,geometry_plus_topology,4,1.5571905689816719,1.4427483826833372,0.10639587798072767,1.0983054653784174,1.027641137065222,0.07596026812211265,0.9453765739310009,0.953313838019539,0.0075860551177858206,0.9792390362177223,0.9829019230540019,0.00486250341697448
primary,uptake(mmol/g) methane at 65 bar,17,500,topology_only,4,5.736053588693791,5.672797711083691,0.05031426306706213,4.451499942030937,4.4116577376109145,0.036474292095658306,0.2631671633474961,0.2793929524363731,0.012939479517968313,0.5102847433247253,0.5227758296771744,0.010179917320862939
primary,uptake(mmol/g) methane at 65 bar,17,1000,enriched_interpretable,4,1.4193086850777132,1.3337125927895306,0.12492987735795398,1.0249580336350579,0.9658981991111067,0.09115890667426983,0.9546010362661488,0.9601522325754693,0.008247707879405862,0.982258572610438,0.9843845338739289,0.002363199314499488
primary,uptake(mmol/g) methane at 65 bar,17,1000,geometry_only,4,1.5472783573863862,1.344070124528681,0.2371306834043809,1.1145061577327202,0.9885605667809545,0.16386720597225163,0.945384201811252,0.9595348908958311,0.017154882730885057,0.9787121192372491,0.9834245317690469,0.006638959982137324
primary,uptake(mmol/g) methane at 65 bar,17,1000,geometry_plus_topology,4,1.385799363542079,1.3184218459197035,0.10518655644726771,0.996443751955598,0.944337205474158,0.07872732869361729,0.9567846693225237,0.9610582759426828,0.00675153785938466,0.9830540850933989,0.9851982124359189,0.0022292309236255914
primary,uptake(mmol/g) methane at 65 bar,17,1000,topology_only,4,5.669325346861412,5.6170868759688375,0.05574482028037183,4.397902501059064,4.36374915705225,0.04226582105499717,0.28021066034528297,0.2934706261025223,0.01418585201505283,0.5197026797729296,0.5323825040382338,0.017054383871900704
primary,uptake(mmol/g) methane at 65 bar,17,2000,enriched_interpretable,4,1.3389816902131262,1.2427138300588907,0.17057785603845357,0.9719658466809553,0.9001896683128134,0.12279407686696268,0.9593506824683891,0.9654164059148738,0.010866714083432675,0.9838693408571164,0.9860285576949126,0.002896219156602977
primary,uptake(mmol/g) methane at 65 bar,17,2000,geometry_only,4,1.4506892854030933,1.267067560668587,0.27660727266295204,1.053585823943375,0.9350914605058556,0.18969665077435982,0.9515854287603455,0.9640477424498796,0.019494583793583577,0.9805870945848778,0.9850815422411602,0.007159097851812241
primary,uptake(mmol/g) methane at 65 bar,17,2000,geometry_plus_topology,4,1.3111291659315867,1.2163268995885195,0.14697281555947847,0.9382794649493689,0.8685181493843311,0.11252388866542715,0.9610945924106187,0.9668711087628934,0.009051993683380253,0.9845091747439502,0.9870483620496252,0.002947926141601623
primary,uptake(mmol/g) methane at 65 bar,17,2000,topology_only,4,5.620301983131113,5.585719545172163,0.05115195915487102,4.364636115610748,4.340930972227703,0.03477736022143602,0.2926383674048123,0.3013580709597069,0.012926816788480032,0.5287358187420985,0.5362493177711783,0.011475799063094606
primary,uptake(mmol/g) methane at 65 bar,17,5000,enriched_interpretable,4,1.2628443329576278,1.1491116410804167,0.2121318282982146,0.920921526958459,0.8325791880752533,0.15074840571391124,0.9635307616050407,0.9704321445649743,0.012997773664820075,0.9851077433819533,0.9874475322692297,0.0036068484799723043
primary,uptake(mmol/g) methane at 65 bar,17,5000,geometry_only,4,1.3695836167021687,1.184400307887262,0.32234131439748226,0.9995896089852923,0.8737580814207633,0.2178960242225225,0.9562467262431937,0.9685874761391755,0.022027484276692703,0.9819075486560733,0.986289535055526,0.007714471338499064
primary,uptake(mmol/g) methane at 65 bar,17,5000,geometry_plus_topology,4,1.2229399809887394,1.1057553360091483,0.1928922776447324,0.8859549825206702,0.7953753182190109,0.13997562375349695,0.965884651719787,0.9726212879815899,0.011376430734592768,0.9860192806540766,0.9886345250232569,0.0037000654492326847
primary,uptake(mmol/g) methane at 65 bar,17,5000,topology_only,4,5.58543476491739,5.558652481470023,0.040292346881801396,4.342408035217965,4.324533200364693,0.0278651318095793,0.3014034037537142,0.30811591280147965,0.010114492297570703,0.5339641520691092,0.5389902011150081,0.009066175689376397
primary,uptake(mmol/g) methane at 65 bar,17,10000,enriched_interpretable,4,1.219963855396163,1.0892723610038393,0.23878724959985417,0.8921323458582432,0.7988856475451213,0.16939978570353215,0.9657116608740592,0.9734307920446252,0.014314960337299563,0.9858112037539752,0.9881969049737964,0.004016942880029788
primary,uptake(mmol/g) methane at 65 bar,17,10000,geometry_only,4,1.3305385151204818,1.1311884498082956,0.34699411992117285,0.9736953890805534,0.8416088894883635,0.23444774187531955,0.958333644197688,0.9713466179796815,0.02332863551968261,0.9825706349586559,0.986942383468986,0.008023957694356985
primary,uptake(mmol/g) methane at 65 bar,17,10000,geometry_plus_topology,4,1.168701486032918,1.0488045088105435,0.2255818950775594,0.8502892571829825,0.7634888253665628,0.16190103079685553,0.9685591040462407,0.9753642620396932,0.012943522526757468,0.9869040374280877,0.9893415326570457,0.004228858967819922
primary,uptake(mmol/g) methane at 65 bar,17,10000,topology_only,4,5.558297396362955,5.541396111638681,0.02003174249618245,4.327544324749065,4.316287941554124,0.01372731024967463,0.30819672627327926,0.3124047369952368,0.004993214388266911,0.5382431905650158,0.5416313247985183,0.00467177781696467
primary,uptake(mmol/g) methane at 65 bar,17,20000,enriched_interpretable,4,1.186788028315851,1.0429370532074418,0.2604638560101987,0.869119734464658,0.7640575923719792,0.1844056265714928,0.9673213300207332,0.975643247429883,0.015350824493935749,0.9863512341832105,0.9885826685255241,0.004323451101513338
primary,uptake(mmol/g) methane at 65 bar,17,20000,geometry_only,4,1.3000855050914766,1.0890207036692732,0.366386242215103,0.9529831723624453,0.8088240133897863,0.24703103502342816,0.9598974331191954,0.9734436489415973,0.024312408506510157,0.9830466752056853,0.9872850336397537,0.008276267964725706
primary,uptake(mmol/g) methane at 65 bar,17,20000,geometry_plus_topology,4,1.1321312358753288,0.9897042168151116,0.24779325584807896,0.8258302148516903,0.7324260787684563,0.17716576115720203,0.9702668660724303,0.9780633617156985,0.013921841070712695,0.9874849262959899,0.9899694710720087,0.0045357559946372855
primary,uptake(mmol/g) methane at 65 bar,17,20000,topology_only,4,5.546542032578944,5.534252072227362,0.012859408845526039,4.318612377627739,4.31000108965128,0.008619446650230149,0.3111244332012345,0.3141768702023592,0.0031956115734644145,0.5406538732693447,0.54288896733355,0.0024500643724157138
primary,uptake(mmol/g) methane at 65 bar,17,40000,enriched_interpretable,4,1.1626103456187777,0.9976724242407566,0.27682993975912323,0.8526907282182903,0.7310563758009359,0.19533682336282446,0.9684452035512652,0.9777118946686908,0.01609952720124945,0.9867191860286041,0.9893148853124885,0.004509228764008915
primary,uptake(mmol/g) methane at 65 bar,17,40000,geometry_only,4,1.272446947592364,1.0477749588893128,0.38473414192681643,0.9337771712646095,0.7774415139935897,0.2594196016214411,0.9612582774598871,0.9754172363349897,0.025202831468579396,0.9834800781881338,0.9880459471108558,0.008503413579385158
primary,uptake(mmol/g) methane at 65 bar,17,40000,geometry_plus_topology,4,1.1026919089386777,0.9538556195499822,0.2666232354712051,0.8065104586430335,0.6989167452548192,0.18932113647002405,0.9715786099614452,0.9796256446893293,0.014734651377484647,0.9879357693595225,0.9904987125788809,0.00471216439189344
primary,uptake(mmol/g) methane at 65 bar,17,40000,topology_only,4,5.537814224533867,5.529558006776063,0.00854120331386674,4.313104933374665,4.307021434109174,0.006212501840172049,0.3132925384887023,0.3153397996828732,0.0021184710982183625,0.5423074205454763,0.5438143270952419,0.001842434659127546
primary,uptake(mmol/g) methane at 65 bar,17,210995,enriched_interpretable,4,1.1194118462996274,0.9132610541547516,0.30766276248663954,0.8228764146395398,0.6693978728912968,0.2167613941780653,0.9703505547186346,0.9813239900608657,0.017414093990090782,0.9873856358842199,0.9906798486592976,0.004967696435270974
primary,uptake(mmol/g) methane at 65 bar,17,210995,geometry_only,4,1.232911459349766,0.9672496380286333,0.4129466598324641,0.9053820910780956,0.7157533005038901,0.28003801420551366,0.9630959485495229,0.9790506078641524,0.026470772407985513,0.9841263036822497,0.9894981881529926,0.008939530873962818
primary,uptake(mmol/g) methane at 65 bar,17,210995,geometry_plus_topology,4,1.0558517160431562,0.8668475012835775,0.2999254576909395,0.7746882619098767,0.6318108617042282,0.21263430498488337,0.973525843117869,0.9831740504446126,0.016059483227659623,0.988624290972301,0.9918558650510769,0.005195062500273629
primary,uptake(mmol/g) methane at 65 bar,17,210995,topology_only,4,5.530613436924099,5.524146303460037,0.011163601829849611,4.308438835635416,4.30328377202033,0.006864007935992853,0.3150764416017089,0.3166794087317629,0.002767785928185571,0.5438144062545004,0.5447935183838979,0.0016401718090256975
robustness_alt_test,uptake(mmol/g) CO2 at 0.15 bar,29,500,enriched_interpretable,4,0.7128577485636464,0.6690836174728982,0.038390721800896144,0.4232594657157609,0.40068883407018896,0.01997032752202519,0.4933049698328305,0.5565361895379978,0.057487294303826465,0.7990499330748309,0.8125295637580725,0.009448701360717474
robustness_alt_test,uptake(mmol/g) CO2 at 0.15 bar,29,500,geometry_only,4,0.7169596509684595,0.6749139502768874,0.03329071546864783,0.43993952445097345,0.4044330410355741,0.03882284150252079,0.4895658395339021,0.5487787454980921,0.047246770064927585,0.7970325754473095,0.8099344698427009,0.010116729933698722
robustness_alt_test,uptake(mmol/g) CO2 at 0.15 bar,29,500,geometry_plus_topology,4,0.6752207245274248,0.6339504989339619,0.03362229403661599,0.3936280923152249,0.37115125895509826,0.016954099044744143,0.5449561728368815,0.6018649801939053,0.048030787908495846,0.8139369268272305,0.8296050549729819,0.012603173636666848
robustness_alt_test,uptake(mmol/g) CO2 at 0.15 bar,29,500,topology_only,4,0.8117640702677781,0.8097863566761951,0.0024901196389194033,0.5279555256318558,0.5258738536741017,0.003764229874342536,0.3472681061929429,0.3504513837461257,0.0040284260799108625,0.6297180475031162,0.6353034973683285,0.010081203216755596
robustness_alt_test,uptake(mmol/g) CO2 at 0.15 bar,29,1000,enriched_interpretable,4,0.6793116907424671,0.6501795201263567,0.026130109222804374,0.4101313031508719,0.38941273372655244,0.022312651711287566,0.5420327172271848,0.5811901075925565,0.03530918477525818,0.8154604503419866,0.824983731490858,0.007211787913685488
robustness_alt_test,uptake(mmol/g) CO2 at 0.15 bar,29,1000,geometry_only,4,0.6949799240034706,0.6558428781038474,0.038540867126330196,0.4269369332552543,0.39296181996790613,0.04519603575612384,0.5202722683301405,0.5739076115065495,0.05375761327164177,0.8100590538646888,0.8226556367793927,0.009912620722190112
robustness_alt_test,uptake(mmol/g) CO2 at 0.15 bar,29,1000,geometry_plus_topology,4,0.6396955113494402,0.6164749798847036,0.018359321440727664,0.3760834820935138,0.35996464007651235,0.01550032482380505,0.5942114810014629,0.6235123444227957,0.02324447109955105,0.8310064477042336,0.8418076588335708,0.008380415564787531
robustness_alt_test,uptake(mmol/g) CO2 at 0.15 bar,29,1000,topology_only,4,0.8082778845482566,0.8051399775243537,0.0025959197025609455,0.525760072921027,0.5219999848513739,0.0035875769688767946,0.35286354388621777,0.3579271036957009,0.004200409146018965,0.6294914285972405,0.6394838771362462,0.013151605188923755
robustness_alt_test,uptake(mmol/g) CO2 at 0.15 bar,29,2000,enriched_interpretable,4,0.6585302766432024,0.6312866078518908,0.03489849245503735,0.39664081193564904,0.37585206330609233,0.030579139685572614,0.5695322162158423,0.6052508966941488,0.04651231960833632,0.8291452318885952,0.8372921502534171,0.011190707591478158
robustness_alt_test,uptake(mmol/g) CO2 at 0.15 bar,29,2000,geometry_only,4,0.6776016064585588,0.6391910051557439,0.04781125575003236,0.4159810723433505,0.3797755119879781,0.05514826243536979,0.5435027619595745,0.5953214008698504,0.0660403607716381,0.8230788335677526,0.836253508096134,0.014598667237140286
robustness_alt_test,uptake(mmol/g) CO2 at 0.15 bar,29,2000,geometry_plus_topology,4,0.6168336356463182,0.5987226555029984,0.024115679006980664,0.3602465981455336,0.34603607706505163,0.021753497007488926,0.6226834480017853,0.6449185843320684,0.029965974334273286,0.8479071962385782,0.8549435770041652,0.009246060477928371
robustness_alt_test,uptake(mmol/g) CO2 at 0.15 bar,29,2000,topology_only,4,0.8006094101217518,0.799204825175553,0.0020711985071250336,0.5212915571306421,0.5199010756147738,0.0018786912358616608,0.365136531565122,0.3673670157180826,0.003290441560867115,0.6411033142811323,0.646328608979301,0.006846456502576338
robustness_alt_test,uptake(mmol/g) CO2 at 0.15 bar,29,5000,enriched_interpretable,4,0.6374204276198541,0.6036339804680454,0.04762621681293459,0.3809290012513166,0.35407245486348027,0.03964818033614855,0.5958713960314841,0.6390816558706209,0.061893761369955586,0.8399057077508594,0.8534649293012488,0.019520601246784994
robustness_alt_test,uptake(mmol/g) CO2 at 0.15 bar,29,5000,geometry_only,4,0.6627880607362302,0.6209951158959293,0.056950067609938614,0.40463217449003314,0.3644041823120031,0.06156633259023803,0.5624588790489707,0.6180356198544388,0.0773411351795062,0.8319372190772841,0.8484263237959855,0.022817603025760042
robustness_alt_test,uptake(mmol/g) CO2 at 0.15 bar,29,5000,geometry_plus_topology,4,0.5962095705271938,0.5717000086681294,0.03528653577592594,0.34525841841824434,0.32586928914251423,0.029663689539171523,0.6469786278951838,0.6762544140629991,0.042654666082328874,0.8602149364525782,0.8708535676557625,0.01596028127089273
robustness_alt_test,uptake(mmol/g) CO2 at 0.15 bar,29,5000,topology_only,4,0.7975037292336671,0.7964149133159442,0.0014868656659194149,0.5218897501722102,0.5196610730977248,0.0027628951497929524,0.3700546675480146,0.3717749612562223,0.0023497546562620893,0.6468737235166906,0.6504729635168957,0.003942058142512206
robustness_alt_test,uptake(mmol/g) CO2 at 0.15 bar,29,10000,enriched_interpretable,4,0.6232442214809895,0.5827192637571244,0.057442537673177786,0.3715376013065538,0.3401141902708572,0.045814658367078376,0.6128191445931087,0.6636747089022909,0.07328059338031132,0.846792373023734,0.8635183909866017,0.02478326554778157
robustness_alt_test,uptake(mmol/g) CO2 at 0.15 bar,29,10000,geometry_only,4,0.6457797566715426,0.6024208799863423,0.06667067032905172,0.39339197072951726,0.35210753729310273,0.06781034938971206,0.583638806209849,0.6405476313477474,0.08938895551229703,0.8392000549442395,0.8570898040849361,0.02803708191676589
robustness_alt_test,uptake(mmol/g) CO2 at 0.15 bar,29,10000,geometry_plus_topology,4,0.5783219135327147,0.5474947029362961,0.04519288915665,0.33569207535741585,0.31254160084961313,0.03570788635372264,0.6672129434561402,0.7031045980813582,0.053500772580153316,0.867412740016583,0.8804608214142373,0.020537326837387335
robustness_alt_test,uptake(mmol/g) CO2 at 0.15 bar,29,10000,topology_only,4,0.7954705672368383,0.7945396192328866,0.001456339270750075,0.5202731398945019,0.5194451867626014,0.0012582064849298222,0.37326343860558525,0.3747315250265741,0.002296215770915345,0.6487729652958427,0.6514768433518121,0.004134802742157682
robustness_alt_test,uptake(mmol/g) CO2 at 0.15 bar,29,20000,enriched_interpretable,4,0.6126798089663859,0.564979839100128,0.06420337878022096,0.3640131338610099,0.32702054299939476,0.050569490310648835,0.6251393834739456,0.6838412127130659,0.0809306990905369,0.8508570772323646,0.8729398315231716,0.02810243163737777
robustness_alt_test,uptake(mmol/g) CO2 at 0.15 bar,29,20000,geometry_only,4,0.6369651528905805,0.5880866176819312,0.0726348967898301,0.38763473654314656,0.3416582064602126,0.07108681358073765,0.5942272877372891,0.6574505181371524,0.09650429996781738,0.8431069904019746,0.8646190078726026,0.030473622590202778
robustness_alt_test,uptake(mmol/g) CO2 at 0.15 bar,29,20000,geometry_plus_topology,4,0.5655492624252161,0.5296539971264195,0.05309321926278694,0.3270955644876179,0.29852424513417863,0.041007978494627874,0.6811019451156858,0.7221404091673393,0.061881192831768315,0.8721638246308785,0.8893167216217479,0.023752627532996888
robustness_alt_test,uptake(mmol/g) CO2 at 0.15 bar,29,20000,topology_only,4,0.7943536003702995,0.7934654054017692,0.0013090651207891067,0.5201437751353852,0.5193964485605772,0.000637080025397738,0.3750234117776696,0.37642163521565203,0.002061402141221829,0.6499291540200609,0.6523078858169978,0.0021311042269875472
robustness_alt_test,uptake(mmol/g) CO2 at 0.15 bar,29,40000,enriched_interpretable,4,0.5986921313429947,0.5437974282881856,0.07273433232078803,0.3557976777408057,0.3133050401729367,0.05592451517621502,0.6410526086275684,0.707102717005605,0.09045291222194037,0.8554402037855181,0.8814647953939112,0.03097502821118349
robustness_alt_test,uptake(mmol/g) CO2 at 0.15 bar,29,40000,geometry_only,4,0.6266981196398334,0.5711661642207475,0.07968555558238119,0.3813259859684289,0.33076657830463213,0.07549928751014372,0.6062775093848387,0.6768820912350456,0.10470237239407103,0.847797192164507,0.8720319873365627,0.033231448949488256
robustness_alt_test,uptake(mmol/g) CO2 at 0.15 bar,29,40000,geometry_plus_topology,4,0.5514816766906645,0.50377046325834,0.06286135851514514,0.32003158993624947,0.28340400038072355,0.046409091930328404,0.6958326293228185,0.7486350088384741,0.07183707335542147,0.8768864323151038,0.8983281250780081,0.02648125447469975
robustness_alt_test,uptake(mmol/g) CO2 at 0.15 bar,29,40000,topology_only,4,0.7932086934911453,0.792842531292252,0.00027139815690028357,0.5200813425097001,0.5195150711678724,0.0005599184763339666,0.376825432932869,0.37740070789740265,0.0004264106557834577,0.6529209818662982,0.6536149667657574,0.0008040654882536773
robustness_alt_test,uptake(mmol/g) CO2 at 0.15 bar,29,210995,enriched_interpretable,4,0.5788904544604289,0.501690386565838,0.08726574616298362,0.34390935260126915,0.2872954939104705,0.06471035740611593,0.6624205755629061,0.750709142004117,0.1055541664102303,0.8627299421050451,0.8967665998530967,0.03675183157622329
robustness_alt_test,uptake(mmol/g) CO2 at 0.15 bar,29,210995,geometry_only,4,0.6101936413286213,0.5376872650976894,0.09175866435103283,0.3707955778557155,0.31009902514009774,0.08273013824578525,0.6249601020226162,0.7136518364945055,0.11808292359476548,0.8539013646247018,0.8853194957726703,0.0379535610070219
robustness_alt_test,uptake(mmol/g) CO2 at 0.15 bar,29,210995,geometry_plus_topology,4,0.5248917017405349,0.45250789007047515,0.08146518209854563,0.3052173774451404,0.2547267361883444,0.05701549818248516,0.7221874749889252,0.7971909873281261,0.08961874024387452,0.8847770813722868,0.912170657972457,0.03223223997571059
robustness_alt_test,uptake(mmol/g) CO2 at 0.15 bar,29,210995,topology_only,4,0.7925057830310698,0.7922564640893394,0.00038145729153669325,0.5202871596232952,0.519479351954241,0.0007954285806845476,0.3779293917613776,0.37832084387532927,0.000598976071212306,0.6524988481899778,0.654039920571283,0.002832204898567258
robustness_alt_test,uptake(mmol/g) CO2 at 0.15 bar,47,500,enriched_interpretable,4,0.70760675665185,0.6760717520160149,0.023086921344551484,0.4322288059150988,0.4099699778533684,0.017846638412548754,0.5017252323754896,0.5457036204956932,0.03228602906759956,0.7877466456424496,0.799675229103502,0.00976765040842793
robustness_alt_test,uptake(mmol/g) CO2 at 0.15 bar,47,500,geometry_only,4,0.7200965392070835,0.6851368415196207,0.03004217529555961,0.44573083793144774,0.41268088425771954,0.03944109887093004,0.48377502653201837,0.5335058625463951,0.043125075628640194,0.7864505714274559,0.8018596261379296,0.010428010865970925
robustness_alt_test,uptake(mmol/g) CO2 at 0.15 bar,47,500,geometry_plus_topology,4,0.68679464578298,0.6365704196774435,0.06114759510001693,0.4022326172959316,0.3791381091146633,0.02005024171915191,0.5226631944469262,0.5972158517240895,0.09753225186965515,0.8062590711436946,0.8181646716641273,0.01224471779018057
robustness_alt_test,uptake(mmol/g) CO2 at 0.15 bar,47,500,topology_only,4,0.8072077096348982,0.8025361212190187,0.003989003916523022,0.5404160724721792,0.5348577582633127,0.0066220399180473,0.3524373461365007,0.36000280293253095,0.006532793878894801,0.6258641306390329,0.6320549828806392,0.008521259662404019
robustness_alt_test,uptake(mmol/g) CO2 at 0.15 bar,47,1000,enriched_interpretable,4,0.6885231548796263,0.6565034246867681,0.028685671477282675,0.4176896795013458,0.3935941389442352,0.024795620229322298,0.5279568687557791,0.5716399801983877,0.039368972155053646,0.8017650471750689,0.8168114779701039,0.016252113779018324
robustness_alt_test,uptake(mmol/g) CO2 at 0.15 bar,47,1000,geometry_only,4,0.7098970067316994,0.6712070053902919,0.03569648413618509,0.43659300264091383,0.40055339083637936,0.0442255875338954,0.4977545854513258,0.552217800414516,0.05065978531537116,0.7976504335386126,0.815765704039741,0.015175183841317018
robustness_alt_test,uptake(mmol/g) CO2 at 0.15 bar,47,1000,geometry_plus_topology,4,0.6456897292156099,0.6188736240771989,0.02121569419457167,0.38007082368027834,0.36246506834901415,0.015493627038160158,0.583854674036646,0.6193405386108265,0.029060670933683114,0.8279162317602085,0.835763979921599,0.006395139213321553
robustness_alt_test,uptake(mmol/g) CO2 at 0.15 bar,47,1000,topology_only,4,0.8015120138202094,0.7976928411509894,0.003977606824523747,0.530656235212813,0.5251133794297433,0.006147821010873805,0.36160557984763664,0.3677005721724835,0.006346076706877468,0.6338519377469531,0.6425724662285484,0.010978708704081009
robustness_alt_test,uptake(mmol/g) CO2 at 0.15 bar,47,2000,enriched_interpretable,4,0.6606331359296854,0.6318104262296809,0.035488433243718344,0.39666301087517014,0.375664481073016,0.02991954762892832,0.565354338430005,0.6033239796475652,0.04747773811205511,0.8217810611637397,0.831117928163755,0.01434836059458343
robustness_alt_test,uptake(mmol/g) CO2 at 0.15 bar,47,2000,geometry_only,4,0.6787171007063676,0.6423763443310401,0.04970887129734578,0.4152036033112865,0.38094619295161286,0.054677782546070745,0.5403771648832917,0.5899311868300773,0.06924632189455525,0.8168165144892595,0.8315042363893157,0.020139740016766782
robustness_alt_test,uptake(mmol/g) CO2 at 0.15 bar,47,2000,geometry_plus_topology,4,0.6158943693464585,0.5985177750402245,0.02405461423030897,0.36014835841399484,0.346616050256533,0.021415012320825967,0.6226278636954712,0.6440363944118831,0.029953900719763213,0.8429659276155533,0.8493237539768419,0.010231720923224332
robustness_alt_test,uptake(mmol/g) CO2 at 0.15 bar,47,2000,topology_only,4,0.7979489655381842,0.7955348450692743,0.0035363897791595646,0.5228085381067867,0.5202416448496701,0.003364551732198328,0.3672882011235804,0.3711207666128444,0.005617836636261375,0.6409797685996976,0.6480998544659975,0.008306076792654653
robustness_alt_test,uptake(mmol/g) CO2 at 0.15 bar,47,5000,enriched_interpretable,4,0.641616611691538,0.6054162579958794,0.04888042750195965,0.38387531990997414,0.3549156100256802,0.040033970341938965,0.5891234332521103,0.6357739089260376,0.06377720748731698,0.8340087992466813,0.8477027369059866,0.020981567109269576
robustness_alt_test,uptake(mmol/g) CO2 at 0.15 bar,47,5000,geometry_only,4,0.6632106893442432,0.6203318667328874,0.06026563459451788,0.4050976716222231,0.3656526009148165,0.06173921910410256,0.560207080432457,0.6176135563346479,0.0824927184820413,0.8275807223516768,0.8440571136970535,0.025878035039351363
robustness_alt_test,uptake(mmol/g) CO2 at 0.15 bar,47,5000,geometry_plus_topology,4,0.5950582946399756,0.5708044052354244,0.03560284036117276,0.3471117372350431,0.3281714587054193,0.029801759862576684,0.6471729603193581,0.6762248660531645,0.0431535999114344,0.8563208139117126,0.8655297390940232,0.016026247007523448
robustness_alt_test,uptake(mmol/g) CO2 at 0.15 bar,47,5000,topology_only,4,0.794904510944651,0.7932732274158583,0.0022482691290154947,0.5211108186815008,0.5170719317771652,0.0033909904203829073,0.3721155456301064,0.3746940330764009,0.0035560294110233122,0.6481686999039553,0.6520928991607567,0.006288849230945149
robustness_alt_test,uptake(mmol/g) CO2 at 0.15 bar,47,10000,enriched_interpretable,4,0.6255285597013842,0.582821558844253,0.058804634685801487,0.3739801214538617,0.34065237871270615,0.04692761716900105,0.6086001454609735,0.6624525890120275,0.07537719977166164,0.8412494189488278,0.8595196067341864,0.025697763182793563
robustness_alt_test,uptake(mmol/g) CO2 at 0.15 bar,47,10000,geometry_only,4,0.6477169817739697,0.6030610577634196,0.0695895912929663,0.3941482677653444,0.35261541773403976,0.06803413520610353,0.5794950946499172,0.6386123617824458,0.09407686727207853,0.8350644804535983,0.8541193309103384,0.03092748845754841
robustness_alt_test,uptake(mmol/g) CO2 at 0.15 bar,47,10000,geometry_plus_topology,4,0.5776322153401607,0.5462325402403522,0.04598657066459534,0.3362540052889784,0.3123986202531274,0.036711334992581814,0.6668652465396276,0.703508033717589,0.054576980616728,0.8645182829278293,0.8780529015378582,0.02094754164321464
robustness_alt_test,uptake(mmol/g) CO2 at 0.15 bar,47,10000,topology_only,4,0.7936900893715682,0.7924636124725122,0.001854699318146171,0.5207076374510171,0.5198611251566924,0.0014270963448300142,0.3740342437071786,0.37596996282137884,0.0029284226852766353,0.6515617463093015,0.6538692150051936,0.00320918391558646
robustness_alt_test,uptake(mmol/g) CO2 at 0.15 bar,47,20000,enriched_interpretable,4,0.612807605303992,0.5633350015069519,0.06631518893492898,0.36533717486055084,0.3278738174231866,0.051227034333739825,0.6235496003499659,0.684654987452439,0.08394517260258118,0.8468009379138723,0.8690408027734648,0.029204152194851712
robustness_alt_test,uptake(mmol/g) CO2 at 0.15 bar,47,20000,geometry_only,4,0.638758307788449,0.5852759524405049,0.07602087419480123,0.3896226466502983,0.34137611186500144,0.07165501171154365,0.5902554288213235,0.659616274144587,0.10165410522783018,0.8387724017985707,0.862300672132178,0.03324019798094438
robustness_alt_test,uptake(mmol/g) CO2 at 0.15 bar,47,20000,geometry_plus_topology,4,0.563208869489656,0.524211680797891,0.054857658282472015,0.32824565258216587,0.29775844928844786,0.041474218908345004,0.6825492060415028,0.726937984654046,0.0639498656754207,0.8694997967864568,0.8876232757531964,0.024058405738678113
robustness_alt_test,uptake(mmol/g) CO2 at 0.15 bar,47,20000,topology_only,4,0.7926800930538319,0.7916695177534043,0.0012277177971523284,0.5205752608263965,0.5193368820899501,0.001160716130362633,0.37562762385157367,0.37722027414786297,0.0019359351736707789,0.6532412144586263,0.6541553992485134,0.001607420812087741
robustness_alt_test,uptake(mmol/g) CO2 at 0.15 bar,47,40000,enriched_interpretable,4,0.6021177110249598,0.544738408195587,0.0738512617937018,0.35911374502754106,0.31506089869037657,0.05645568409259628,0.6356730682517479,0.7051289784214377,0.09228976548996373,0.8507638082695079,0.8773571140557263,0.03281408415264986
robustness_alt_test,uptake(mmol/g) CO2 at 0.15 bar,47,40000,geometry_only,4,0.6274807526245572,0.5699716451719636,0.08325272373011554,0.3823319821080224,0.331194683351001,0.07680837294347109,0.6035871725528577,0.6771823280475617,0.11020184328678317,0.8428088672804018,0.8692466807020495,0.03641720480901178
robustness_alt_test,uptake(mmol/g) CO2 at 0.15 bar,47,40000,geometry_plus_topology,4,0.5490982956273329,0.5015257023102271,0.06413173205042262,0.32018923970664004,0.28436929103239506,0.04733260885638239,0.6973276066522112,0.7500576346791796,0.07342479997841568,0.8744717006368933,0.8959141183574328,0.027868271475903914
robustness_alt_test,uptake(mmol/g) CO2 at 0.15 bar,47,40000,topology_only,4,0.7914825528011522,0.7908922629584794,0.0004014424416219481,0.519708821478319,0.5187775858949154,0.0007501376370737811,0.37751416700046964,0.3784426700944783,0.0006315134661318895,0.6532317170060806,0.65423099088438,0.0008505632857827275
robustness_alt_test,uptake(mmol/g) CO2 at 0.15 bar,47,210995,enriched_interpretable,4,0.5751077731532901,0.4976836583671595,0.09088613752857835,0.3432073497924843,0.28635429337483653,0.06693816831566342,0.6651810340683041,0.7538763048966726,0.11035657216015107,0.8595396108918073,0.8943592118583741,0.03877089678081342
robustness_alt_test,uptake(mmol/g) CO2 at 0.15 bar,47,210995,geometry_only,4,0.6102545845824567,0.5338532479802923,0.09595524644017464,0.37299842692110186,0.31030166199041237,0.08414817983163392,0.6230779592577739,0.7168018682683936,0.12419706420451747,0.849683301612938,0.8833019962626987,0.04133877880130808
robustness_alt_test,uptake(mmol/g) CO2 at 0.15 bar,47,210995,geometry_plus_topology,4,0.5201800103942145,0.4447082329519194,0.0847020073716975,0.3052277913117653,0.25373659095689644,0.05851105712832744,0.7257735643440566,0.8034843888217695,0.09289510356621763,0.8828326245794648,0.911490771582336,0.03353438047518495
robustness_alt_test,uptake(mmol/g) CO2 at 0.15 bar,47,210995,topology_only,4,0.7906109416332303,0.790373304148221,0.00036772548908688976,0.5192950456583166,0.5176315721352939,0.0011402671530714153,0.37888468295430267,0.379258113665657,0.0005778985246636152,0.6544578438763052,0.6552300714847279,0.0007779990895387611
robustness_alt_test,uptake(mmol/g) CO2 at 0.15 bar,71,500,enriched_interpretable,4,0.7026915051567761,0.6630447364433851,0.03140996461262849,0.4264220753101075,0.40279547817977274,0.01908914320348962,0.5028175741506729,0.558997190566559,0.04528535838071168,0.8005886930453372,0.8125181603144158,0.009429254343257445
robustness_alt_test,uptake(mmol/g) CO2 at 0.15 bar,71,500,geometry_only,4,0.7164865018054112,0.6742839216988803,0.033238125314489886,0.44476175081154123,0.4073240151869716,0.04149013940228704,0.48382912906437203,0.5438433755299502,0.04767488876046824,0.7883075716995889,0.8126598022345449,0.01792348147408973
robustness_alt_test,uptake(mmol/g) CO2 at 0.15 bar,71,500,geometry_plus_topology,4,0.6534591557285829,0.6289783237551211,0.01884683819927349,0.38628152306669217,0.3749845535205412,0.011367712703047787,0.5711861477008249,0.6030746267334465,0.0246295192417607,0.8192662570081586,0.8270441042711557,0.007672604282058319
robustness_alt_test,uptake(mmol/g) CO2 at 0.15 bar,71,500,topology_only,4,0.80790260142459,0.8037295327506937,0.004903248329019801,0.5371036964036832,0.5292417761022233,0.013412858061336819,0.345203049887996,0.3520013020046676,0.008034477572762377,0.628977622166009,0.6376991233611359,0.008685479684265932
robustness_alt_test,uptake(mmol/g) CO2 at 0.15 bar,71,1000,enriched_interpretable,4,0.6820015049182524,0.6517660474829896,0.028947522555471193,0.4133831023545821,0.39300579630247756,0.021780799186226826,0.5326756470156436,0.5738591024835202,0.039850626147384986,0.8085978030067582,0.8212683647276904,0.01134494838346197
robustness_alt_test,uptake(mmol/g) CO2 at 0.15 bar,71,1000,geometry_only,4,0.7000685795053576,0.6624214078233083,0.03621484221068549,0.432183375657584,0.39777745191776204,0.0474674552726422,0.5070647866938975,0.5596587740777083,0.05134558163224408,0.8025656122589382,0.8189667993505678,0.01351387796897507
robustness_alt_test,uptake(mmol/g) CO2 at 0.15 bar,71,1000,geometry_plus_topology,4,0.6364146034497571,0.6129525785197312,0.021084731576409076,0.37608560026529997,0.36186421976319316,0.01455294393302022,0.5931388373137703,0.6231058311981743,0.027058588513110562,0.8283622512715718,0.8379802278119204,0.008477909802831921
robustness_alt_test,uptake(mmol/g) CO2 at 0.15 bar,71,1000,topology_only,4,0.7983836918009873,0.7969440687808185,0.00193831021548552,0.5276742020037374,0.5247260005444334,0.0033283762934612302,0.3606048733094742,0.3629133762235043,0.0031072968752883278,0.6357417758675734,0.6430296470033439,0.00942928588283474
robustness_alt_test,uptake(mmol/g) CO2 at 0.15 bar,71,2000,enriched_interpretable,4,0.6615361586128566,0.6310760856298422,0.03574034999849128,0.39926924163885896,0.3785796588406343,0.028595155487675095,0.560016477810934,0.6004868395481135,0.04822097646019661,0.824047540069859,0.8337924728427313,0.011564299779821404
robustness_alt_test,uptake(mmol/g) CO2 at 0.15 bar,71,2000,geometry_only,4,0.6788955767006002,0.6412621453708167,0.04650254925473939,0.41889702782169214,0.3840191044100598,0.0529346649853214,0.5359902918795326,0.587473701802556,0.06512343442290429,0.8163976517072997,0.8315591739176826,0.01819557058885687
robustness_alt_test,uptake(mmol/g) CO2 at 0.15 bar,71,2000,geometry_plus_topology,4,0.6188350428749385,0.5984306831184947,0.025093599132801805,0.3633166312146522,0.34930985533475967,0.01972060078345145,0.6153586479003572,0.6407614193208587,0.03163455075375189,0.8432291642220571,0.8502457463199674,0.0077530456934148
robustness_alt_test,uptake(mmol/g) CO2 at 0.15 bar,71,2000,topology_only,4,0.7958140958596291,0.7938617072115858,0.0023610371677965105,0.5233315361430302,0.5203105990344739,0.0034649094144248724,0.3647116201496209,0.3678307523982768,0.0037718088384723664,0.640918956020241,0.6462494885204972,0.0074256369717038565
robustness_alt_test,uptake(mmol/g) CO2 at 0.15 bar,71,5000,enriched_interpretable,4,0.6405547141410262,0.6051895769969392,0.047912130751929884,0.38528544311378427,0.3561440887238114,0.03958893517151704,0.5866680414197815,0.6325940732821316,0.0629778973986412,0.8342863262560178,0.8484315602738107,0.02044098285178366
robustness_alt_test,uptake(mmol/g) CO2 at 0.15 bar,71,5000,geometry_only,4,0.66149559372612,0.6182233615386521,0.058260659922492436,0.40601809591400556,0.3664979367648497,0.061409937122920755,0.5584977093615313,0.6166032613331855,0.08006319845695152,0.8261777762755307,0.8444317757870576,0.025534065354555355
robustness_alt_test,uptake(mmol/g) CO2 at 0.15 bar,71,5000,geometry_plus_topology,4,0.5980710217010341,0.5721492597541631,0.03616151194940827,0.34726960295726855,0.3283249219331136,0.029278893041422435,0.640206978313824,0.6716151307369154,0.04438430086171078,0.8558888003125258,0.865825973912697,0.01596822982237407
robustness_alt_test,uptake(mmol/g) CO2 at 0.15 bar,71,5000,topology_only,4,0.7927131508622969,0.7917411805226273,0.0009668601682853246,0.5203850336617022,0.5179532718570051,0.002819330330188248,0.3696545547354062,0.37120096647248146,0.0015355542031150924,0.6434949685154467,0.6475622240837511,0.005552871216265303
robustness_alt_test,uptake(mmol/g) CO2 at 0.15 bar,71,10000,enriched_interpretable,4,0.623218653579892,0.5800681791982631,0.05858886922704243,0.37346485279786484,0.3414534921410716,0.04614194383230334,0.6078046760945014,0.6624695342928618,0.07550396568988445,0.8413197644945201,0.859335778766823,0.02522211763230075
robustness_alt_test,uptake(mmol/g) CO2 at 0.15 bar,71,10000,geometry_only,4,0.6440979393955661,0.598190266880557,0.06805839201769355,0.3948357451097103,0.3529690591833587,0.06734741639813198,0.5803627623232361,0.641056861560586,0.09219217800715297,0.834602496409323,0.8536559372133568,0.030026942872619786
robustness_alt_test,uptake(mmol/g) CO2 at 0.15 bar,71,10000,geometry_plus_topology,4,0.5788596618517178,0.5448087306883113,0.04716510531679416,0.3368438654765051,0.31312345274112985,0.035945762747620194,0.662204788939811,0.7022587132121375,0.05641406417621493,0.8627764906636077,0.8764558856219153,0.020443392128099133
robustness_alt_test,uptake(mmol/g) CO2 at 0.15 bar,71,10000,topology_only,4,0.7902792368587543,0.7895045623850214,0.001193710467370823,0.5167694511346351,0.5142432781048594,0.0020583185859976354,0.3735243493370237,0.3747540495034157,0.0018934254427140616,0.6476229881295903,0.6509879841766347,0.003711012603492356
robustness_alt_test,uptake(mmol/g) CO2 at 0.15 bar,71,20000,enriched_interpretable,4,0.6104794403226887,0.5603896433162635,0.06613285251851778,0.3659402191123174,0.32806593449423505,0.04986019219770929,0.6228619408178846,0.6849894636323137,0.08423213614382105,0.846125697394122,0.8681640661108606,0.02782575209391309
robustness_alt_test,uptake(mmol/g) CO2 at 0.15 bar,71,20000,geometry_only,4,0.6365183603224592,0.5829137309852469,0.07334379643039424,0.39057809091485796,0.34228340510606425,0.06974885192434686,0.5895364005963305,0.6591584227250503,0.09837428861907874,0.8373809766022879,0.8612573620089983,0.031948005119121124
robustness_alt_test,uptake(mmol/g) CO2 at 0.15 bar,71,20000,geometry_plus_topology,4,0.5654905405231442,0.5248074437931762,0.05466837989528433,0.32942966538550217,0.2990950545035308,0.04027280737266231,0.6769699897864625,0.7237113786827498,0.0643726185591199,0.8673098755965438,0.8851429363052009,0.023229562270994458
robustness_alt_test,uptake(mmol/g) CO2 at 0.15 bar,71,20000,topology_only,4,0.7889741773661995,0.7881633229012548,0.0009911844724598308,0.5171645286277486,0.5155079590645233,0.0013685944374737344,0.37559295788873315,0.3768765536330622,0.001569770976532111,0.648016996201874,0.6487301769434735,0.0013301627669210989
robustness_alt_test,uptake(mmol/g) CO2 at 0.15 bar,71,40000,enriched_interpretable,4,0.5978344144258871,0.5386841130078159,0.07453918487349526,0.35800656908926864,0.3135928257233645,0.055828265828051594,0.6372996983318394,0.7089191192121481,0.09347274100016965,0.8510478123232835,0.8773014765389437,0.0314043609096028
robustness_alt_test,uptake(mmol/g) CO2 at 0.15 bar,71,40000,geometry_only,4,0.6237063297790071,0.565897577001776,0.08138683539583308,0.38193254364865525,0.33070331726164925,0.0754621355284723,0.6048018114610972,0.6787672429424765,0.1079095514191071,0.8429296433615927,0.8686486574352864,0.03524883097159778
robustness_alt_test,uptake(mmol/g) CO2 at 0.15 bar,71,40000,geometry_plus_topology,4,0.5485342733042199,0.4995693162243985,0.06498460560095377,0.3197433890259093,0.28399105772011085,0.04633750471340641,0.6949974373043823,0.7496503799032131,0.074984871283712,0.8729186136045394,0.8937457484811009,0.02652918852071007
robustness_alt_test,uptake(mmol/g) CO2 at 0.15 bar,71,40000,topology_only,4,0.7877695437154733,0.7874147461021388,0.0002577442170818266,0.5171298665637203,0.5161027258783573,0.0011948862937994267,0.37749909781618907,0.3780597729221178,0.000407334864237698,0.6505203276330446,0.6511144592696727,0.0007441823594401837
robustness_alt_test,uptake(mmol/g) CO2 at 0.15 bar,71,210995,enriched_interpretable,4,0.5730743226352301,0.4964905546266406,0.09032906300752004,0.34252783944152243,0.28640338096836915,0.06588785514750421,0.6644267698204029,0.7527344609334798,0.1103199266318608,0.8592098530287617,0.893983028796385,0.03827398410620688
robustness_alt_test,uptake(mmol/g) CO2 at 0.15 bar,71,210995,geometry_only,4,0.6058767073634183,0.5329371676794112,0.09393174584931661,0.3706405803976774,0.3093354752747705,0.08330288883536839,0.6251383762342176,0.7150992159692703,0.12194056865863281,0.8500817366070942,0.8830335977885373,0.04060801059393152
robustness_alt_test,uptake(mmol/g) CO2 at 0.15 bar,71,210995,geometry_plus_topology,4,0.5222375731532329,0.4495010427045564,0.08316857274892964,0.3051478534712867,0.25478391609210355,0.05675261414077862,0.7212195034355853,0.7973235906441353,0.0924689564036216,0.8808806279594894,0.9089831976312579,0.032602322938595614
robustness_alt_test,uptake(mmol/g) CO2 at 0.15 bar,71,210995,topology_only,4,0.786987680370899,0.7867240033611012,0.00032929827294761184,0.5162037895103249,0.5155513529090042,0.0007354029651030957,0.37873421943432495,0.37915054072345605,0.0005199814091311081,0.6521480453348669,0.6522300220706484,6.919690862969799e-05
