relative_path,size_bytes,rows,columns,column_names,sha256
README.md,1207,,,,34cc2b174e52681e98dc09c9905ea200d91cb968f90db774a454e92a5251feb1
figure_source_data/main/figure2_learning_curves_co2_0p15bar.csv,44472,128,20,suite_name|target_col|test_seed|n_train|descriptor_family|model_name|method_label|rmse_mean|rmse_ci_low|rmse_ci_high|rmse_std|mae_mean|mae_ci_low|mae_ci_high|r2_mean|r2_ci_low|r2_ci_high|spearman_mean|spearman_ci_low|spearman_ci_high,942145d9539e54dd5c2e8c1c4aae9039705cafded1126e5204b524643cc5c653
figure_source_data/main/figure3a_rank1_probabilities.csv,4542,128,3,n_train|method_label|p_rank1,433232eae636c8dc798f8498a4cd59c135596534e23f6c5dbcb3f18b9ed47355
figure_source_data/main/figure3b_ranking_stability_summary.csv,667,8,6,suite_name|target_col|test_seed|n_train|top1_consensus_probability|mean_rank_spearman_vs_full,18ff1eebcd5d399c8e1a84f092bb40101165e99f6b20ededa8acb300d98f8830
figure_source_data/main/figure4_screening_reproducibility.csv,1689,8,10,n_train|method_label|topk_overlap_mean|topk_overlap_std|elite_enrichment_mean|elite_enrichment_std|topk_overlap_lower|topk_overlap_upper|elite_enrichment_lower|elite_enrichment_upper,0fe206803a9d33672516bf5e15c8715d84cc8b97ee28cc7c7b93d265c7313db8
figure_source_data/main/figure5_pairwise_probability_superiority_long.csv,72660,768,6,target_col|test_seed|n_train|row_method|column_method|probability_row_beats_column,1dd803c10e9d53a4d27ed0a643b7a477e76fe217f0d6db8d600f1bb154490fcb
figure_source_data/main/figure6a_feature_importance_means.csv,2676,72,3,n_train|feature|importance_mean,c67617c92ad052e447a00dbb5686d1d17dbe49f991988effdc4639cfeb51a9b4
figure_source_data/main/figure6b_feature_convergence_summary.csv,780,4,9,n_train|rank_spearman_vs_full_mean|rank_spearman_vs_full_std|top10_jaccard_vs_full_mean|top10_jaccard_vs_full_std|rank_spearman_lower|rank_spearman_upper|top10_jaccard_lower|top10_jaccard_upper,30f0cf0158359ee91298093feaa4fccd218bddf44fbf8ef90eb8e7415603bada
figure_source_data/main/figure6c_feature_rank_matrix.csv,1270,60,3,feature|n_train|mean_importance_rank,9e948f2ff0d527c3874694fceef90ea463a9ba23c0962191eae1cd04d9c353be
figure_source_data/main/figure7_full_data_leaderboard.csv,3279,16,14,method_label|descriptor_family|model_name|rmse_mean|r2_mean|spearman_mean|rmse_rank|r2_rank|spearman_rank|top1_consensus_probability|screening_topk_overlap_mean|aggregate_rank_score|plot_x|plot_y,58f2d05459f254f678d89df48260943b51f446dd910a4a71ecf8e230cb8f7885
figure_source_data/si/additional_descriptor_family_learning_curves.csv,10031,32,18,suite_name|target_col|test_seed|n_train|descriptor_family|n_models|rmse_family_mean|rmse_family_best|rmse_family_std_across_models|mae_family_mean|mae_family_best|mae_family_std_across_models|r2_family_mean|r2_family_best|r2_family_std_across_models|spearman_family_mean|spearman_family_best|spearman_family_std_across_models,fa7fe12d83cf84089a32c1b4a58642bc6c4a49f951aa81f46f96d6f8465dd22c
figure_source_data/si/additional_sample_efficiency_heatmap.csv,2250,16,10,method_label|descriptor_family|model_name|initial_rmse|full_rmse|absolute_rmse_gain|n_to_50pct_gain|n_to_80pct_gain|n_to_90pct_gain|n_to_95pct_gain,b6c9d68d490ab2e99640844a3027bf4008aea8e343a07544ec646e2843fa97c0
figure_source_data/si/additional_target_difficulty_map.csv,850,4,9,target_col|full_n|best_method_label|best_full_rmse|best_full_r2|best_full_spearman|method_spread_rmse_at_full|top1_consensus_probability_at_full|mean_rank_spearman_vs_full_at_full,cc9332ad1390f2e9404e3628ba6050bc751ff3d7800ceb32e3872029d3ba307c
figure_source_data/si/si1_alt_test_robustness.csv,2421,32,5,suite_name|test_seed|n_train|best_rmse_mean|best_method_label,897b82035d52f669a06c92ce71bda796bec1fba0460d983658942658575d27b5
figure_source_data/si/si2_learning_curves_co2_0p015bar.csv,45262,128,20,suite_name|target_col|test_seed|n_train|descriptor_family|model_name|method_label|rmse_mean|rmse_ci_low|rmse_ci_high|rmse_std|mae_mean|mae_ci_low|mae_ci_high|r2_mean|r2_ci_low|r2_ci_high|spearman_mean|spearman_ci_low|spearman_ci_high,a34c85df67e1b3d93f1f279fa5d7d60ec5c17f9b5b0e872c20d67e83d7ad038f
figure_source_data/si/si4_learning_curves_ch4_5p8bar.csv,44646,128,20,suite_name|target_col|test_seed|n_train|descriptor_family|model_name|method_label|rmse_mean|rmse_ci_low|rmse_ci_high|rmse_std|mae_mean|mae_ci_low|mae_ci_high|r2_mean|r2_ci_low|r2_ci_high|spearman_mean|spearman_ci_low|spearman_ci_high,566863c71d0a7f6a5fd49ed1eb3f75fc72e12693e02d1336f4e3c6bc0308a898
figure_source_data/si/si5_learning_curves_ch4_65bar.csv,44272,128,20,suite_name|target_col|test_seed|n_train|descriptor_family|model_name|method_label|rmse_mean|rmse_ci_low|rmse_ci_high|rmse_std|mae_mean|mae_ci_low|mae_ci_high|r2_mean|r2_ci_low|r2_ci_high|spearman_mean|spearman_ci_low|spearman_ci_high,fea17d1c4af0b0a643cdd60f9a2d9a7e6e895c5997822a1e8083f15dd7c0713e
metadata/provenance.yml,825,,,,e78b26fc30780cbf9f7ecb87f5068e9b92fc057eeab81df8505316d5a74482ba
revision_outputs/README.md,924,,,,5da79e286640f3c91dfd3c1207dff3c84458008095d02e9d5d49ccebb4315aee
revision_outputs/composite_rule_by_target_and_partition.csv,11510,56,13,suite_name|target_col|test_seed|n_train|best_method_label|best_rmse_mean|second_best_method_label|top2_rmse_ci_overlap|top1_consensus_probability|mean_rank_spearman_vs_full|topk_overlap_frac_0p050_std_best|elite_enrichment_0p050_std_best|conditions_met_here,1c162403b1079a7538748116842ac6ee260c281c805a4ad2e4fe9db65a594747
revision_outputs/cutoff_sensitivity_grid.csv,1911,81,5,top1_cut|rank_cut|topk_sd_cut|enrich_sd_cut|first_pass_n,1f49e8ca7d5bdf40893b438a373586950543f8d47bbf81bbbd53ee53b9488f88
revision_outputs/fixed_k_screening_summary.csv,2851,8,18,n_train|best_method|topk_overlap_k50_mean|topk_overlap_k50_sd|elite_enrichment_k50_mean|elite_enrichment_k50_sd|topk_overlap_k100_mean|topk_overlap_k100_sd|elite_enrichment_k100_mean|elite_enrichment_k100_sd|topk_overlap_k250_mean|topk_overlap_k250_sd|elite_enrichment_k250_mean|elite_enrichment_k250_sd|topk_overlap_k500_mean|topk_overlap_k500_sd|elite_enrichment_k500_mean|elite_enrichment_k500_sd,b53c53ba9a1a3c42eb09a434d92f916a0018cd4a89e275f237a52f7787e67a4c
revision_outputs/full_data_pairwise_audit.csv,244172,1680,6,method_a|method_b|prob|source_file|ridge_only|anomalous,2fbefbc2e16694867da4bbb110ac97a437c37dfcf18e106094ff0698d90c6374
revision_outputs/per_target_maturity_summary.csv,218,4,3,target_col|first_n_satisfying_base_rule|n_training_sizes,bdef28dcfec90dcfdbddd5fa74d7ff421785e3453d1d47cd185b684c487be16e
revision_outputs/rf_vs_hgb_pairwise.csv,414,4,4,test_seed|source_file|P(rf_beats_hgb)|P(hgb_beats_rf),c1e980a763e5036357017b074170782a04c9018c45c47f332e9cf94134fe13fe
revision_outputs/test_partition_alt_seed_curves.csv,1096,8,7,n_train|best_rmse_seed_17|best_rmse_seed_29|best_rmse_seed_47|best_rmse_seed_71|rmse_range_across_seeds|rmse_mean_across_seeds,d1f96418d6f43e5c84b13138593ccdeb799eb65986d03dd0ae856f1cc81d57d1
revision_outputs/test_partition_sensitivity.csv,114,4,4,test_seed|first_n_satisfying_base_rule|n_rows|n_repeats,341630416231239d25c9201c5e6b52f9e34dfab3179c1e25d706049bc27d11e3
revision_outputs/top1_consensus_uncertainty.csv,6740,56,10,suite_name|target_col|test_seed|n_train|modal_winner|modal_count|n_seeds|top1_consensus|wilson_lo|wilson_hi,296b55e1fe3e806cc0161e9a41c0b38a0c0d550bd6e832459d1b605f19db3772
table_source_data/main/table1a_descriptor_families.csv,772,4,5,descriptor_family|n_features_before_encoding|numeric_features|categorical_features|description,63e561baeddc2c6d49232b378c5ed9b3eac10a175aefa1df6433e6304b66d177
table_source_data/main/table1b_model_definitions.csv,393,4,4,model_name|model_type|scaling_used|description,776fa186e706efe0c8e01e1fa20d3fb914dde696be76ca801be8772bb79c59da
table_source_data/main/table2_sample_size_schedule.csv,1940,32,7,suite_name|target_col|test_seed|n_train|n_repeats|n_methods|n_jobs,73c1efc2709349e9c800e6507fd5119f1e8769068552fd72b9347da97086bce1
table_source_data/main/table3_stable_conclusion_threshold.csv,1923,8,15,target_col|test_seed|n_train|best_method_label|best_rmse_mean|second_best_method_label|top2_rmse_ci_overlap|top1_consensus_probability|mean_rank_spearman_vs_full|topk_overlap_frac_0p050_std_best|elite_enrichment_0p050_std_best|conditions_met_here|benchmark_maturity_threshold_n|threshold_method_label|is_at_or_above_threshold,e8c394c7bd4ebc96d465935628f446f5ea8e10503feb1dbcd7c23b2f596eb2e6
table_source_data/main/table4_external_test_performance_summary.csv,10872,64,10,n_train|descriptor_family|model_name|method_label|rmse_mean|rmse_ci_low|rmse_ci_high|mae_mean|r2_mean|spearman_mean,22b93e1cf34684fed8c43efd362da6bf2e9120e6db615d9b30c3c78e7bb43c7f
table_source_data/si/descriptor_family_aggregation.csv,69667,224,18,suite_name|target_col|test_seed|n_train|descriptor_family|n_models|rmse_family_mean|rmse_family_best|rmse_family_std_across_models|mae_family_mean|mae_family_best|mae_family_std_across_models|r2_family_mean|r2_family_best|r2_family_std_across_models|spearman_family_mean|spearman_family_best|spearman_family_std_across_models,af877108a6404f7fc956e3dc174d6548df1006f90bd7420fa5bf19e51d717315
table_source_data/si/method_pareto_summary.csv,2655,16,12,method_label|descriptor_family|model_name|rmse_mean|r2_mean|spearman_mean|rmse_rank|r2_rank|spearman_rank|top1_consensus_probability|screening_topk_overlap_mean|aggregate_rank_score,031e56d9bb0c78a3f80d23121fe6091a3f36db5cacb3dedfc0bd02d790c0d77e
table_source_data/si/pairwise_superiority__uptake_mmol_g_CO2_at_0.015_bar__testseed_17__n_1000.csv,1846,16,17,method_label|enriched_interpretable | hgb|enriched_interpretable | mlp|enriched_interpretable | rf|enriched_interpretable | ridge|geometry_only | hgb|geometry_only | mlp|geometry_only | rf|geometry_only | ridge|geometry_plus_topology | hgb|geometry_plus_topology | mlp|geometry_plus_topology | rf|geometry_plus_topology | ridge|topology_only | hgb|topology_only | mlp|topology_only | rf|topology_only | ridge,e1496e377e2bf5d6a24520f65f6c4604c27e738d2441e625f3a10a7be9033d77
table_source_data/si/pairwise_superiority__uptake_mmol_g_CO2_at_0.015_bar__testseed_17__n_10000.csv,1846,16,17,method_label|enriched_interpretable | hgb|enriched_interpretable | mlp|enriched_interpretable | rf|enriched_interpretable | ridge|geometry_only | hgb|geometry_only | mlp|geometry_only | rf|geometry_only | ridge|geometry_plus_topology | hgb|geometry_plus_topology | mlp|geometry_plus_topology | rf|geometry_plus_topology | ridge|topology_only | hgb|topology_only | mlp|topology_only | rf|topology_only | ridge,57c7808d27a2c7abe1be5abda374dcc9672374f9601f66c485e3dc9cbdc7e644
table_source_data/si/pairwise_superiority__uptake_mmol_g_CO2_at_0.015_bar__testseed_17__n_210995.csv,1846,16,17,method_label|enriched_interpretable | hgb|enriched_interpretable | mlp|enriched_interpretable | rf|enriched_interpretable | ridge|geometry_only | hgb|geometry_only | mlp|geometry_only | rf|geometry_only | ridge|geometry_plus_topology | hgb|geometry_plus_topology | mlp|geometry_plus_topology | rf|geometry_plus_topology | ridge|topology_only | hgb|topology_only | mlp|topology_only | rf|topology_only | ridge,d0d66ee834e13164233efed51c6e8d02525f5c95d00df4020cd1391b5b1f5dbc
table_source_data/si/pairwise_superiority__uptake_mmol_g_CO2_at_0.15_bar__testseed_17__n_1000.csv,1846,16,17,method_label|enriched_interpretable | hgb|enriched_interpretable | mlp|enriched_interpretable | rf|enriched_interpretable | ridge|geometry_only | hgb|geometry_only | mlp|geometry_only | rf|geometry_only | ridge|geometry_plus_topology | hgb|geometry_plus_topology | mlp|geometry_plus_topology | rf|geometry_plus_topology | ridge|topology_only | hgb|topology_only | mlp|topology_only | rf|topology_only | ridge,8a376bd36931dee687d6c1221042fa46bbfabb8c152cae57de991069a2b551c0
table_source_data/si/pairwise_superiority__uptake_mmol_g_CO2_at_0.15_bar__testseed_17__n_10000.csv,1846,16,17,method_label|enriched_interpretable | hgb|enriched_interpretable | mlp|enriched_interpretable | rf|enriched_interpretable | ridge|geometry_only | hgb|geometry_only | mlp|geometry_only | rf|geometry_only | ridge|geometry_plus_topology | hgb|geometry_plus_topology | mlp|geometry_plus_topology | rf|geometry_plus_topology | ridge|topology_only | hgb|topology_only | mlp|topology_only | rf|topology_only | ridge,2f1e8e08ead5c3ecc80b3f5137f62753e3f94a6bb8ec0875d71004b25a82c7bc
table_source_data/si/pairwise_superiority__uptake_mmol_g_CO2_at_0.15_bar__testseed_17__n_210995.csv,1846,16,17,method_label|enriched_interpretable | hgb|enriched_interpretable | mlp|enriched_interpretable | rf|enriched_interpretable | ridge|geometry_only | hgb|geometry_only | mlp|geometry_only | rf|geometry_only | ridge|geometry_plus_topology | hgb|geometry_plus_topology | mlp|geometry_plus_topology | rf|geometry_plus_topology | ridge|topology_only | hgb|topology_only | mlp|topology_only | rf|topology_only | ridge,d52cd595d1418fc1b122718d37574abaee8ba795f31feb1b667a7022d2e969f3
table_source_data/si/pairwise_superiority__uptake_mmol_g_CO2_at_0.15_bar__testseed_29__n_1000.csv,1846,16,17,method_label|enriched_interpretable | hgb|enriched_interpretable | mlp|enriched_interpretable | rf|enriched_interpretable | ridge|geometry_only | hgb|geometry_only | mlp|geometry_only | rf|geometry_only | ridge|geometry_plus_topology | hgb|geometry_plus_topology | mlp|geometry_plus_topology | rf|geometry_plus_topology | ridge|topology_only | hgb|topology_only | mlp|topology_only | rf|topology_only | ridge,c398d6f6ce9ca319eef4037bae34230afeffc7481aaa4c70ac52987d16975d3f
table_source_data/si/pairwise_superiority__uptake_mmol_g_CO2_at_0.15_bar__testseed_29__n_10000.csv,1846,16,17,method_label|enriched_interpretable | hgb|enriched_interpretable | mlp|enriched_interpretable | rf|enriched_interpretable | ridge|geometry_only | hgb|geometry_only | mlp|geometry_only | rf|geometry_only | ridge|geometry_plus_topology | hgb|geometry_plus_topology | mlp|geometry_plus_topology | rf|geometry_plus_topology | ridge|topology_only | hgb|topology_only | mlp|topology_only | rf|topology_only | ridge,e337e2f2b1d92f6757b356cc8d757be1a671092d3f7bf1dc33d7303daa2ea46d
table_source_data/si/pairwise_superiority__uptake_mmol_g_CO2_at_0.15_bar__testseed_29__n_210995.csv,1846,16,17,method_label|enriched_interpretable | hgb|enriched_interpretable | mlp|enriched_interpretable | rf|enriched_interpretable | ridge|geometry_only | hgb|geometry_only | mlp|geometry_only | rf|geometry_only | ridge|geometry_plus_topology | hgb|geometry_plus_topology | mlp|geometry_plus_topology | rf|geometry_plus_topology | ridge|topology_only | hgb|topology_only | mlp|topology_only | rf|topology_only | ridge,42f6e575fe4b2e6389afca5d417f1096a055e1ab010ff6b0939aecae494e57c0
table_source_data/si/pairwise_superiority__uptake_mmol_g_CO2_at_0.15_bar__testseed_47__n_1000.csv,1846,16,17,method_label|enriched_interpretable | hgb|enriched_interpretable | mlp|enriched_interpretable | rf|enriched_interpretable | ridge|geometry_only | hgb|geometry_only | mlp|geometry_only | rf|geometry_only | ridge|geometry_plus_topology | hgb|geometry_plus_topology | mlp|geometry_plus_topology | rf|geometry_plus_topology | ridge|topology_only | hgb|topology_only | mlp|topology_only | rf|topology_only | ridge,dc6012cdd58961e2e00b8adbb7d264ec00706625009b1c5cc5c72f85e1fd3703
table_source_data/si/pairwise_superiority__uptake_mmol_g_CO2_at_0.15_bar__testseed_47__n_10000.csv,1846,16,17,method_label|enriched_interpretable | hgb|enriched_interpretable | mlp|enriched_interpretable | rf|enriched_interpretable | ridge|geometry_only | hgb|geometry_only | mlp|geometry_only | rf|geometry_only | ridge|geometry_plus_topology | hgb|geometry_plus_topology | mlp|geometry_plus_topology | rf|geometry_plus_topology | ridge|topology_only | hgb|topology_only | mlp|topology_only | rf|topology_only | ridge,14c93ee32182aff570f3d634ab51cd2d62f59716beadb9e528843bae62dfa7a0
table_source_data/si/pairwise_superiority__uptake_mmol_g_CO2_at_0.15_bar__testseed_47__n_210995.csv,1846,16,17,method_label|enriched_interpretable | hgb|enriched_interpretable | mlp|enriched_interpretable | rf|enriched_interpretable | ridge|geometry_only | hgb|geometry_only | mlp|geometry_only | rf|geometry_only | ridge|geometry_plus_topology | hgb|geometry_plus_topology | mlp|geometry_plus_topology | rf|geometry_plus_topology | ridge|topology_only | hgb|topology_only | mlp|topology_only | rf|topology_only | ridge,3cfd41448a567814e1c8ae56e498fb0734d5d4f4bb3ba0003f7c8d41947ab746
table_source_data/si/pairwise_superiority__uptake_mmol_g_CO2_at_0.15_bar__testseed_71__n_1000.csv,1846,16,17,method_label|enriched_interpretable | hgb|enriched_interpretable | mlp|enriched_interpretable | rf|enriched_interpretable | ridge|geometry_only | hgb|geometry_only | mlp|geometry_only | rf|geometry_only | ridge|geometry_plus_topology | hgb|geometry_plus_topology | mlp|geometry_plus_topology | rf|geometry_plus_topology | ridge|topology_only | hgb|topology_only | mlp|topology_only | rf|topology_only | ridge,df7f696b5f09a98e080c30d8ff950cb5059e5e2f69b4f4682eb27f809faa04cb
table_source_data/si/pairwise_superiority__uptake_mmol_g_CO2_at_0.15_bar__testseed_71__n_10000.csv,1846,16,17,method_label|enriched_interpretable | hgb|enriched_interpretable | mlp|enriched_interpretable | rf|enriched_interpretable | ridge|geometry_only | hgb|geometry_only | mlp|geometry_only | rf|geometry_only | ridge|geometry_plus_topology | hgb|geometry_plus_topology | mlp|geometry_plus_topology | rf|geometry_plus_topology | ridge|topology_only | hgb|topology_only | mlp|topology_only | rf|topology_only | ridge,8bca84e357c14337cbae7fa7c0d23d25a30ce0e2377083df92eddcb6e9fc12f8
table_source_data/si/pairwise_superiority__uptake_mmol_g_CO2_at_0.15_bar__testseed_71__n_210995.csv,1846,16,17,method_label|enriched_interpretable | hgb|enriched_interpretable | mlp|enriched_interpretable | rf|enriched_interpretable | ridge|geometry_only | hgb|geometry_only | mlp|geometry_only | rf|geometry_only | ridge|geometry_plus_topology | hgb|geometry_plus_topology | mlp|geometry_plus_topology | rf|geometry_plus_topology | ridge|topology_only | hgb|topology_only | mlp|topology_only | rf|topology_only | ridge,2cee32373251dde3fa2a3b3fa7671cf4fc22e884b486886abc74c9bb5bfd084c
table_source_data/si/pairwise_superiority__uptake_mmol_g_methane_at_5.8_bar__testseed_17__n_1000.csv,1846,16,17,method_label|enriched_interpretable | hgb|enriched_interpretable | mlp|enriched_interpretable | rf|enriched_interpretable | ridge|geometry_only | hgb|geometry_only | mlp|geometry_only | rf|geometry_only | ridge|geometry_plus_topology | hgb|geometry_plus_topology | mlp|geometry_plus_topology | rf|geometry_plus_topology | ridge|topology_only | hgb|topology_only | mlp|topology_only | rf|topology_only | ridge,6aa5fcd756630037b2c23ab1a03d318f54ddff84546dd7541ab6f306d2d159b3
table_source_data/si/pairwise_superiority__uptake_mmol_g_methane_at_5.8_bar__testseed_17__n_10000.csv,1846,16,17,method_label|enriched_interpretable | hgb|enriched_interpretable | mlp|enriched_interpretable | rf|enriched_interpretable | ridge|geometry_only | hgb|geometry_only | mlp|geometry_only | rf|geometry_only | ridge|geometry_plus_topology | hgb|geometry_plus_topology | mlp|geometry_plus_topology | rf|geometry_plus_topology | ridge|topology_only | hgb|topology_only | mlp|topology_only | rf|topology_only | ridge,9dbcd9e0c251abad8510d13c6dd0e96a64ab939a87b84c73b0c6e52009d0dfd4
table_source_data/si/pairwise_superiority__uptake_mmol_g_methane_at_5.8_bar__testseed_17__n_210995.csv,1846,16,17,method_label|enriched_interpretable | hgb|enriched_interpretable | mlp|enriched_interpretable | rf|enriched_interpretable | ridge|geometry_only | hgb|geometry_only | mlp|geometry_only | rf|geometry_only | ridge|geometry_plus_topology | hgb|geometry_plus_topology | mlp|geometry_plus_topology | rf|geometry_plus_topology | ridge|topology_only | hgb|topology_only | mlp|topology_only | rf|topology_only | ridge,6048a19fac864c899e6f2de0ab103aff1c32d3453a5dd27ea569aee1f2fbc989
table_source_data/si/pairwise_superiority__uptake_mmol_g_methane_at_65_bar__testseed_17__n_1000.csv,1846,16,17,method_label|enriched_interpretable | hgb|enriched_interpretable | mlp|enriched_interpretable | rf|enriched_interpretable | ridge|geometry_only | hgb|geometry_only | mlp|geometry_only | rf|geometry_only | ridge|geometry_plus_topology | hgb|geometry_plus_topology | mlp|geometry_plus_topology | rf|geometry_plus_topology | ridge|topology_only | hgb|topology_only | mlp|topology_only | rf|topology_only | ridge,bfa4461f9c1225e8172e1fa9ce575eb168a26bf2c93ac6e6b6196cd9512f18e4
table_source_data/si/pairwise_superiority__uptake_mmol_g_methane_at_65_bar__testseed_17__n_10000.csv,1846,16,17,method_label|enriched_interpretable | hgb|enriched_interpretable | mlp|enriched_interpretable | rf|enriched_interpretable | ridge|geometry_only | hgb|geometry_only | mlp|geometry_only | rf|geometry_only | ridge|geometry_plus_topology | hgb|geometry_plus_topology | mlp|geometry_plus_topology | rf|geometry_plus_topology | ridge|topology_only | hgb|topology_only | mlp|topology_only | rf|topology_only | ridge,9b49ae3f7e930f73a90e4b5c87bea2fab78fe1474b81db4f9a58d2f7c56e01ea
table_source_data/si/pairwise_superiority__uptake_mmol_g_methane_at_65_bar__testseed_17__n_210995.csv,1846,16,17,method_label|enriched_interpretable | hgb|enriched_interpretable | mlp|enriched_interpretable | rf|enriched_interpretable | ridge|geometry_only | hgb|geometry_only | mlp|geometry_only | rf|geometry_only | ridge|geometry_plus_topology | hgb|geometry_plus_topology | mlp|geometry_plus_topology | rf|geometry_plus_topology | ridge|topology_only | hgb|topology_only | mlp|topology_only | rf|topology_only | ridge,b1087cf7fbdbf88046cdfa2ecf270eebd01136bb003a8dc1547a8415b862fe63
table_source_data/si/sample_efficiency.csv,10605,64,11,target_col|method_label|descriptor_family|model_name|initial_rmse|full_rmse|absolute_rmse_gain|n_to_50pct_gain|n_to_80pct_gain|n_to_90pct_gain|n_to_95pct_gain,d6c1a72cffa9343398d2e874cc49aa436b91ac8104935f6dc6619c017c22d87c
table_source_data/si/si_aggregated_performance.csv,966786,896,64,suite_name|target_col|test_seed|n_train|descriptor_family|model_name|method_label|n_repeats|rmse_mean|rmse_ci_low|rmse_ci_high|rmse_std|mae_mean|mae_ci_low|mae_ci_high|mae_std|r2_mean|r2_ci_low|r2_ci_high|r2_std|spearman_mean|spearman_ci_low|spearman_ci_high|spearman_std|topk_overlap_frac_0p050_mean|topk_overlap_frac_0p050_ci_low|topk_overlap_frac_0p050_ci_high|topk_overlap_frac_0p050_std|elite_enrichment_0p050_mean|elite_enrichment_0p050_ci_low|elite_enrichment_0p050_ci_high|elite_enrichment_0p050_std|topk_overlap_k50_mean|topk_overlap_k50_ci_low|topk_overlap_k50_ci_high|topk_overlap_k50_std|elite_enrichment_k50_mean|elite_enrichment_k50_ci_low|elite_enrichment_k50_ci_high|elite_enrichment_k50_std|topk_overlap_k100_mean|topk_overlap_k100_ci_low|topk_overlap_k100_ci_high|topk_overlap_k100_std|elite_enrichment_k100_mean|elite_enrichment_k100_ci_low|elite_enrichment_k100_ci_high|elite_enrichment_k100_std|topk_overlap_k250_mean|topk_overlap_k250_ci_low|topk_overlap_k250_ci_high|topk_overlap_k250_std|elite_enrichment_k250_mean|elite_enrichment_k250_ci_low|elite_enrichment_k250_ci_high|elite_enrichment_k250_std|topk_overlap_k500_mean|topk_overlap_k500_ci_low|topk_overlap_k500_ci_high|topk_overlap_k500_std|elite_enrichment_k500_mean|elite_enrichment_k500_ci_low|elite_enrichment_k500_ci_high|elite_enrichment_k500_std,b0c45db466e16c5185a05fbe1b20954bd092a753c14af43590059a5f9283545b
table_source_data/si/si_all_job_metrics.csv,1969370,5120,24,rmse|mae|r2|spearman|topk_overlap_frac_0p050|elite_enrichment_0p050|topk_overlap_k50|elite_enrichment_k50|topk_overlap_k100|elite_enrichment_k100|topk_overlap_k250|elite_enrichment_k250|topk_overlap_k500|elite_enrichment_k500|job_id|suite_name|target_col|test_seed|subsample_seed|n_train|descriptor_family|model_name|n_test|timestamp_finished,83c18701313728fb47fc43f2b3e284801bddc410e4a886a9f4a0c7075c621418
table_source_data/si/si_feature_effect_convergence.csv,423,4,5,n_train|rank_spearman_vs_full_mean|rank_spearman_vs_full_std|top10_jaccard_vs_full_mean|top10_jaccard_vs_full_std,ae80bd54b5ae0693e5b10e377ed66f5ccd6d48a3dcb69ada10d289f41fab364a
table_source_data/si/si_feature_effect_importances.csv,43703,360,9,target_col|test_seed|subsample_seed|n_train|descriptor_family|model_name|feature|importance_mean|importance_std,f6a6938cbd4299d0667c7754ead423c87b0bd042b2d7b0231ee4d7ee64e7da0f
table_source_data/si/si_ranking_stability.csv,5099,56,11,suite_name|target_col|test_seed|n_train|top1_consensus_probability|mean_rank_spearman_vs_full|p_rank1__geometry_plus_topology_rf|p_rank1__geometry_only_mlp|p_rank1__geometry_plus_topology_mlp|p_rank1__geometry_plus_topology_hgb|p_rank1__enriched_interpretable_mlp,07afbe3e4ed3e497e846e201baaed291618569969fe605a0f209c6a9c5e18a2f
table_source_data/si/si_screening_reproducibility.csv,373816,896,28,suite_name|target_col|test_seed|n_train|method_label|descriptor_family|model_name|n_repeats|topk_overlap_frac_0p050_mean|topk_overlap_frac_0p050_std|topk_overlap_k50_mean|topk_overlap_k50_std|topk_overlap_k100_mean|topk_overlap_k100_std|topk_overlap_k250_mean|topk_overlap_k250_std|topk_overlap_k500_mean|topk_overlap_k500_std|elite_enrichment_0p050_mean|elite_enrichment_0p050_std|elite_enrichment_k50_mean|elite_enrichment_k50_std|elite_enrichment_k100_mean|elite_enrichment_k100_std|elite_enrichment_k250_mean|elite_enrichment_k250_std|elite_enrichment_k500_mean|elite_enrichment_k500_std,fd2f58196e0b34f72f1cda62dde44169c67d3684bb8378ea2d1a45e95511110d
table_source_data/si/target_difficulty.csv,850,4,9,target_col|full_n|best_method_label|best_full_rmse|best_full_r2|best_full_spearman|method_spread_rmse_at_full|top1_consensus_probability_at_full|mean_rank_spearman_vs_full_at_full,cc9332ad1390f2e9404e3628ba6050bc751ff3d7800ceb32e3872029d3ba307c
