suite_name,target_col,test_seed,n_train,descriptor_family,model_name,method_label,rmse_mean,rmse_ci_low,rmse_ci_high,rmse_std,mae_mean,mae_ci_low,mae_ci_high,r2_mean,r2_ci_low,r2_ci_high,spearman_mean,spearman_ci_low,spearman_ci_high
primary,uptake(mmol/g) methane at 5.8 bar,17,500,enriched_interpretable,hgb,enriched_interpretable | hgb,1.000694688316855,0.979580572464466,1.0218088041692441,0.02408806037283055,0.7544435323257408,0.736988876084101,0.7718981885673806,0.5097046735580287,0.48902790754212544,0.530381439573932,0.7355080616702145,0.7215285211357994,0.7494876022046297
primary,uptake(mmol/g) methane at 5.8 bar,17,1000,enriched_interpretable,hgb,enriched_interpretable | hgb,0.9393703599413474,0.930440439895751,0.9483002799869439,0.010187708293669278,0.7040532715595673,0.6955566134602551,0.7125499296588795,0.568115253815842,0.5598683096846512,0.5763621979470329,0.7669438497380092,0.7617763465071233,0.7721113529688951
primary,uptake(mmol/g) methane at 5.8 bar,17,2000,enriched_interpretable,hgb,enriched_interpretable | hgb,0.8894522120273468,0.8850938209114618,0.8938106031432318,0.004972274901862256,0.6641596806082314,0.6613148070295379,0.6670045541869248,0.6128231400483195,0.6090281247831942,0.6166181553134448,0.7918035049857907,0.7905068131428769,0.7931001968287045
primary,uptake(mmol/g) methane at 5.8 bar,17,5000,enriched_interpretable,hgb,enriched_interpretable | hgb,0.8360234346363102,0.8322825891384669,0.8397642801341536,0.004267747360460052,0.6218432073041513,0.6192876578346843,0.6243987567736183,0.6579423929625955,0.6548784692411143,0.6610063166840767,0.8158764647471065,0.8141659107123739,0.8175870187818391
primary,uptake(mmol/g) methane at 5.8 bar,17,10000,enriched_interpretable,hgb,enriched_interpretable | hgb,0.8125653336006454,0.8096742169668727,0.8154564502344182,0.0032983333285694816,0.6039691127995358,0.6018308011894087,0.6061074244096629,0.6768712493117899,0.6745770535466925,0.6791654450768873,0.8265435695341742,0.8249308379211324,0.828156301147216
primary,uptake(mmol/g) methane at 5.8 bar,17,20000,enriched_interpretable,hgb,enriched_interpretable | hgb,0.7956781597028563,0.7939916506483707,0.7973646687573418,0.0019240555563768487,0.592352497298393,0.591377270202288,0.593327724394498,0.6901651943721082,0.6888520618429096,0.6914783269013068,0.8340120546508445,0.8332430942019116,0.8347810150997774
primary,uptake(mmol/g) methane at 5.8 bar,17,40000,enriched_interpretable,hgb,enriched_interpretable | hgb,0.7861200292976477,0.7847832741753156,0.7874567844199798,0.001525038430002938,0.5855037075527134,0.5844775402663148,0.586529874839112,0.6975648063575675,0.6965363329985352,0.6985932797165997,0.8381002729463397,0.8374189827689786,0.8387815631237008
primary,uptake(mmol/g) methane at 5.8 bar,17,210995,enriched_interpretable,hgb,enriched_interpretable | hgb,0.7780225578570761,0.7769872656083113,0.7790578501058408,0.0011811142065391322,0.5792751339986756,0.5786518886850262,0.579898379312325,0.7037635630818724,0.7029744792942954,0.7045526468694494,0.8413449772818631,0.8409098033941431,0.841780151169583
primary,uptake(mmol/g) methane at 5.8 bar,17,500,enriched_interpretable,mlp,enriched_interpretable | mlp,1.008959363605235,0.9761655076969793,1.0417532195134906,0.037412903599588106,0.7580331288295702,0.7424108579803483,0.773655399678792,0.5012555218859837,0.46842818697749167,0.5340828567944756,0.7275967721976991,0.7172959456696586,0.7378975987257397
primary,uptake(mmol/g) methane at 5.8 bar,17,1000,enriched_interpretable,mlp,enriched_interpretable | mlp,0.9576846120301428,0.9294299089817167,0.9859393150785688,0.03223440647977104,0.7210302243203464,0.6968930548931824,0.7451673937475103,0.5507462103561501,0.5243837271747935,0.5771086935375067,0.7527085522533904,0.7334283324599828,0.7719887720467979
primary,uptake(mmol/g) methane at 5.8 bar,17,2000,enriched_interpretable,mlp,enriched_interpretable | mlp,0.9034866078000936,0.8907025727599497,0.9162706428402375,0.014584679273725011,0.674439955473542,0.6627007128725813,0.6861791980745027,0.6004351620895634,0.5890725312572592,0.6117977929218675,0.7859939089531138,0.7770084785810424,0.7949793393251853
primary,uptake(mmol/g) methane at 5.8 bar,17,5000,enriched_interpretable,mlp,enriched_interpretable | mlp,0.8704396847780933,0.8608823230101152,0.8799970465460714,0.010903525815692068,0.6465263987094624,0.6400620887092955,0.6529907087096293,0.6291611922652036,0.6210380737360534,0.6372843107943539,0.80287449697895,0.7979937795253371,0.8077552144325628
primary,uptake(mmol/g) methane at 5.8 bar,17,10000,enriched_interpretable,mlp,enriched_interpretable | mlp,0.8496317587923616,0.8431431999107116,0.8561203176740116,0.007402478946622211,0.6288700495555635,0.6233838330191281,0.6343562660919988,0.6467020277405963,0.641306612371202,0.6520974431099905,0.8131010027247434,0.8102917418218847,0.8159102636276021
primary,uptake(mmol/g) methane at 5.8 bar,17,20000,enriched_interpretable,mlp,enriched_interpretable | mlp,0.8199131063305571,0.814837047911562,0.8249891647495523,0.005791026368690404,0.6060770714023281,0.6026329934268196,0.6095211493778366,0.6709921306428734,0.6669165015567591,0.6750677597289878,0.8262629811085155,0.8241751935662697,0.8283507686507613
primary,uptake(mmol/g) methane at 5.8 bar,17,40000,enriched_interpretable,mlp,enriched_interpretable | mlp,0.7979498086957062,0.7921693162375066,0.8037303011539058,0.006594680653040405,0.5889791592782891,0.5845129139494553,0.593445404607123,0.6883779525943181,0.6838709740107505,0.6928849311778857,0.8358732533826897,0.8334186946751679,0.8383278120902115
primary,uptake(mmol/g) methane at 5.8 bar,17,210995,enriched_interpretable,mlp,enriched_interpretable | mlp,0.7566608596803628,0.7529980131944637,0.7603237061662619,0.004178762108988023,0.5552121298541806,0.5525631103237828,0.5578611493845783,0.7198010960335808,0.717087983843286,0.7225142082238756,0.8529197036727624,0.8513056469263219,0.8545337604192028
primary,uptake(mmol/g) methane at 5.8 bar,17,500,enriched_interpretable,rf,enriched_interpretable | rf,0.9679273341461385,0.9545390848786843,0.9813155834135927,0.015273997684560935,0.7327805207277799,0.7210720215611535,0.7444890198944063,0.5414092267922187,0.5286512064924883,0.5541672470919491,0.7452201575429427,0.736573039432359,0.7538672756535264
primary,uptake(mmol/g) methane at 5.8 bar,17,1000,enriched_interpretable,rf,enriched_interpretable | rf,0.9307114715787025,0.924045185639936,0.937377757517469,0.00760523903904743,0.7005595847629372,0.6938410322937668,0.7072781372321076,0.5760578198563187,0.5699711281357871,0.5821445115768502,0.7669471336535141,0.7636395642134166,0.7702547030936115
primary,uptake(mmol/g) methane at 5.8 bar,17,2000,enriched_interpretable,rf,enriched_interpretable | rf,0.8892880910361715,0.8842941786743063,0.8942820033980367,0.005697309956534234,0.6644500906354585,0.6598059609303091,0.6690942203406078,0.612962977751163,0.608615326152596,0.6173106293497301,0.7888846269057955,0.7870825874929083,0.7906866663186828
primary,uptake(mmol/g) methane at 5.8 bar,17,5000,enriched_interpretable,rf,enriched_interpretable | rf,0.8398456865322894,0.837200212998731,0.8424911600658478,0.003018091149853646,0.6240431529981365,0.6210365932807914,0.6270497127154816,0.654811136923492,0.652639082137823,0.6569831917091611,0.8133249344789263,0.8118395521883331,0.8148103167695194
primary,uptake(mmol/g) methane at 5.8 bar,17,10000,enriched_interpretable,rf,enriched_interpretable | rf,0.8112101702668632,0.808090181565086,0.8143301589686402,0.003559442258267848,0.5984511807798981,0.5954402082122039,0.6014621533475923,0.6779474372228049,0.6754698079884572,0.6804250664571526,0.8273158630333695,0.8255765837003025,0.8290551423664364
primary,uptake(mmol/g) methane at 5.8 bar,17,20000,enriched_interpretable,rf,enriched_interpretable | rf,0.7808922921088992,0.7783613784811183,0.7834232057366801,0.0028873953657647024,0.5739331231312396,0.5727691447509168,0.5750971015115623,0.7015714842361683,0.6996362820596246,0.7035066864127121,0.840892692624851,0.839828691280035,0.841956693969667
primary,uptake(mmol/g) methane at 5.8 bar,17,40000,enriched_interpretable,rf,enriched_interpretable | rf,0.7572744743362894,0.7560109590108316,0.7585379896617471,0.0014414827338450344,0.553817025929245,0.552596621006482,0.555037430852008,0.7193524909261573,0.718417014758416,0.7202879670938985,0.8510109008980187,0.8504226726270318,0.8515991291690056
primary,uptake(mmol/g) methane at 5.8 bar,17,210995,enriched_interpretable,rf,enriched_interpretable | rf,0.7190088268247332,0.7187474602607389,0.7192701933887276,0.000298180308233059,0.5185789320045606,0.518301728620211,0.5188561353889103,0.7469992547883019,0.7468153190015874,0.7471831905750164,0.866834301153532,0.8667257381648925,0.8669428641421715
primary,uptake(mmol/g) methane at 5.8 bar,17,500,enriched_interpretable,ridge,enriched_interpretable | ridge,1.0471349500347544,1.0220381228431326,1.0722317772263763,0.02863174062246524,0.7941192869053526,0.7835333587045525,0.8047052151061527,0.46306924001915084,0.43695947803413554,0.48917900200416614,0.7112414947736564,0.7046440654519273,0.7178389240953855
primary,uptake(mmol/g) methane at 5.8 bar,17,1000,enriched_interpretable,ridge,enriched_interpretable | ridge,1.0227537722643216,1.0175519135393536,1.0279556309892897,0.005934545774683118,0.7797693413269657,0.7764988115447748,0.7830398711091566,0.4880740152284563,0.48286243203119056,0.493285598425722,0.7175930287630197,0.7131454363125026,0.7220406212135367
primary,uptake(mmol/g) methane at 5.8 bar,17,2000,enriched_interpretable,ridge,enriched_interpretable | ridge,1.0157011760019734,1.0132849745800208,1.018117377423926,0.0027565258300090924,0.7757459399655549,0.7749226027474102,0.7765692771836995,0.49512046610775756,0.4927180162428326,0.4975229159726825,0.7217396535369198,0.7195338043977562,0.7239455026760835
primary,uptake(mmol/g) methane at 5.8 bar,17,5000,enriched_interpretable,ridge,enriched_interpretable | ridge,1.011493312084972,1.0111958943984043,1.0117907297715398,0.0003393092677940188,0.7721700660258259,0.7712789710840577,0.7730611609675941,0.49929795293974194,0.49900349682899114,0.49959240905049274,0.7234055222879038,0.7227137522484358,0.7240972923273717
primary,uptake(mmol/g) methane at 5.8 bar,17,10000,enriched_interpretable,ridge,enriched_interpretable | ridge,1.010749819570337,1.0104496149066988,1.0110500242339753,0.00034248879339663914,0.7716113985543418,0.7706134268061203,0.7726093703025633,0.5000337579916005,0.4997367605964384,0.5003307553867627,0.7240517678195054,0.7238846647989439,0.724218870840067
primary,uptake(mmol/g) methane at 5.8 bar,17,20000,enriched_interpretable,ridge,enriched_interpretable | ridge,1.0103844065808953,1.0097837820184283,1.0109850311433624,0.0006852231380778127,0.7712348157430273,0.7704746392434724,0.7719949922425823,0.5003950569439327,0.4998008070969315,0.5009893067909339,0.7242901208627448,0.7238360839815406,0.724744157743949
primary,uptake(mmol/g) methane at 5.8 bar,17,40000,enriched_interpretable,ridge,enriched_interpretable | ridge,1.0102667302073303,1.0098195426147425,1.010713917799918,0.0005101744161839351,0.7712424395154861,0.7707730725693088,0.7717118064616634,0.5005115069602825,0.5000692931417413,0.5009537207788236,0.7241393857303797,0.7237794370611171,0.7244993343996423
primary,uptake(mmol/g) methane at 5.8 bar,17,210995,enriched_interpretable,ridge,enriched_interpretable | ridge,1.0097636308450586,1.0097636308450586,1.0097636308450586,0.0,0.7706639583277255,0.7706639583277255,0.7706639583277255,0.5010089621120354,0.5010089621120354,0.5010089621120354,0.7244605964082389,0.7244605964082389,0.7244605964082389
primary,uptake(mmol/g) methane at 5.8 bar,17,500,geometry_only,hgb,geometry_only | hgb,1.0214622375010776,1.0066730270035045,1.0362514479986507,0.016872285717411638,0.7683015745026435,0.7572878600160138,0.7793152889892732,0.4892684213451834,0.4744597155879998,0.504077127102367,0.7278898074637403,0.7177205040502,0.7380591108772806
primary,uptake(mmol/g) methane at 5.8 bar,17,1000,geometry_only,hgb,geometry_only | hgb,0.9679327199318243,0.9627561420485045,0.9731092978151441,0.005905704100982251,0.7245384503628773,0.720827398366198,0.7282495023595567,0.5414818069464907,0.5365834052157429,0.5463802086772386,0.7527291351427019,0.7509713261394529,0.7544869441459509
primary,uptake(mmol/g) methane at 5.8 bar,17,2000,geometry_only,hgb,geometry_only | hgb,0.9188779120989186,0.9159894039117182,0.9217664202861189,0.0032953574796656714,0.6860725993538969,0.6838002070779114,0.6883449916298823,0.5867875583958642,0.5841923944242107,0.5893827223675177,0.7768553633402913,0.7756464278090477,0.7780642988715348
primary,uptake(mmol/g) methane at 5.8 bar,17,5000,geometry_only,hgb,geometry_only | hgb,0.8743347642023516,0.8698504753099757,0.8788190530947274,0.005115905507193688,0.6497440490891656,0.6463691163976175,0.6531189817807137,0.6258715930543325,0.6220308605871431,0.6297123255215219,0.7969445610914567,0.7945868492626137,0.7993022729202998
primary,uptake(mmol/g) methane at 5.8 bar,17,10000,geometry_only,hgb,geometry_only | hgb,0.8509547986240037,0.8497046949340278,0.8522049023139796,0.0014261820559742097,0.6323065408703008,0.631542124247178,0.6330709574934236,0.6456215894611264,0.6445802799125779,0.6466628990096748,0.8081544200131517,0.8072423262707613,0.8090665137555422
primary,uptake(mmol/g) methane at 5.8 bar,17,20000,geometry_only,hgb,geometry_only | hgb,0.8393110590735272,0.8385358868655205,0.8400862312815339,0.0008843559955978195,0.6247127974712726,0.6235046729235086,0.6259209220190366,0.655253731940279,0.6546171069362553,0.6558903569443028,0.81361844646926,0.8133457553844202,0.8138911375540997
primary,uptake(mmol/g) methane at 5.8 bar,17,40000,geometry_only,hgb,geometry_only | hgb,0.8303092365150816,0.8288095923612507,0.8318088806689125,0.0017108705459315831,0.6179649038541484,0.6170572798515344,0.6188725278567624,0.6626082102582551,0.6613898525354386,0.6638265679810716,0.8177418059980365,0.8169492821663523,0.8185343298297206
primary,uptake(mmol/g) methane at 5.8 bar,17,210995,geometry_only,hgb,geometry_only | hgb,0.8221860659345286,0.8217715699272684,0.8226005619417888,0.0004728781880796201,0.6118407066251363,0.6117056991907142,0.6119757140595585,0.6691785688170143,0.66884497152542,0.6695121661086086,0.8216760121640169,0.8215107241858438,0.8218413001421899
primary,uptake(mmol/g) methane at 5.8 bar,17,500,geometry_only,mlp,geometry_only | mlp,1.0306740841943014,1.0108772991201205,1.0504708692684823,0.022585182225419286,0.7785712176750955,0.7673302198044918,0.7898122155456992,0.47992879516914205,0.4598701001051786,0.4999874902331055,0.7111660074679659,0.7010211992238897,0.721310815712042
primary,uptake(mmol/g) methane at 5.8 bar,17,1000,geometry_only,mlp,geometry_only | mlp,0.9761210000073893,0.9472662174762625,1.0049757825385162,0.03291900776304752,0.7350194948369866,0.7105009350655401,0.759538054608433,0.5332808960627393,0.505721213420151,0.5608405787053277,0.743637922994399,0.7259177389120436,0.7613581070767544
primary,uptake(mmol/g) methane at 5.8 bar,17,2000,geometry_only,mlp,geometry_only | mlp,0.9228514277874558,0.9065040747544983,0.9391987808204132,0.01864989420095925,0.6927672904334177,0.6792436139197471,0.7062909669470883,0.5830742254342591,0.5682182777056461,0.5979301731628721,0.7736795561765512,0.7650183784235816,0.7823407339295207
primary,uptake(mmol/g) methane at 5.8 bar,17,5000,geometry_only,mlp,geometry_only | mlp,0.8884952907521413,0.8812828643989076,0.895707717105375,0.008228303881908941,0.6639849025787083,0.6580445802167205,0.6699252249406962,0.6136389354286814,0.6073424122774966,0.6199354585798662,0.7922717665589589,0.7883106511167045,0.7962328820012133
primary,uptake(mmol/g) methane at 5.8 bar,17,10000,geometry_only,mlp,geometry_only | mlp,0.8714800852360192,0.8679977509075514,0.874962419564487,0.003972824632058735,0.6492425512413842,0.6461864156760404,0.652298686806728,0.6283146434131167,0.6253361341788211,0.6312931526474124,0.8018797464097378,0.7999971989322235,0.8037622938872521
primary,uptake(mmol/g) methane at 5.8 bar,17,20000,geometry_only,mlp,geometry_only | mlp,0.8493692561440229,0.8457232747072393,0.8530152375808066,0.00415952160068907,0.6312642986958682,0.6285525118038086,0.6339760855879278,0.6469349707049055,0.6439031064968452,0.6499668349129657,0.8117811341564339,0.8100332315983488,0.813529036714519
primary,uptake(mmol/g) methane at 5.8 bar,17,40000,geometry_only,mlp,geometry_only | mlp,0.8404822980421642,0.8339513976817148,0.8470131984026137,0.0074507842654300506,0.6234064416914068,0.6185596573653407,0.6282532260174729,0.6542694625453711,0.6488907458550761,0.6596481792356661,0.8156932789207382,0.8129972120700161,0.8183893457714603
primary,uptake(mmol/g) methane at 5.8 bar,17,210995,geometry_only,mlp,geometry_only | mlp,0.7961307367816559,0.7925386863818302,0.7997227871814816,0.004097994322763043,0.5840039383436173,0.5819552117691336,0.586052664918101,0.6898075058499149,0.6870024734285745,0.6926125382712554,0.8355889829152229,0.8341921817746679,0.8369857840557778
primary,uptake(mmol/g) methane at 5.8 bar,17,500,geometry_only,rf,geometry_only | rf,0.9863583447601794,0.9809267253245991,0.9917899641957596,0.006196668513197175,0.7431684630245377,0.7384050188815915,0.7479319071674838,0.5238580399709245,0.5186153738664885,0.5291007060753605,0.7348334171617054,0.7306767083289243,0.7389901259944864
primary,uptake(mmol/g) methane at 5.8 bar,17,1000,geometry_only,rf,geometry_only | rf,0.9477450165984562,0.9452502542158288,0.9502397789810837,0.0028461521812573488,0.7105038071429817,0.7090537330141681,0.7119538812717953,0.560418457098238,0.558100108273306,0.56273680592317,0.7567245490616841,0.754816420046625,0.7586326780767432
primary,uptake(mmol/g) methane at 5.8 bar,17,2000,geometry_only,rf,geometry_only | rf,0.9102849901380647,0.9065504742215903,0.9140195060545392,0.004260526251169253,0.678890883309401,0.6761342053020848,0.6816475613167171,0.5944768320524447,0.5911581057667513,0.5977955583381381,0.7773546392152919,0.7755260232139245,0.7791832552166593
primary,uptake(mmol/g) methane at 5.8 bar,17,5000,geometry_only,rf,geometry_only | rf,0.8703067781999255,0.866085744260799,0.8745278121390521,0.004815570828173844,0.6440093506997989,0.6413954918414468,0.646623209558151,0.6293118818601476,0.6257119040110536,0.6329118597092417,0.798393205661081,0.7961532821798675,0.8006331291422945
primary,uptake(mmol/g) methane at 5.8 bar,17,10000,geometry_only,rf,geometry_only | rf,0.8450082595933331,0.8437620005125612,0.8462545186741051,0.0014217959296849276,0.6219860832756504,0.6208537860997783,0.6231183804515226,0.6505571261986949,0.6495266060790649,0.6515876463183249,0.8109588305634883,0.810235714166846,0.8116819469601305
primary,uptake(mmol/g) methane at 5.8 bar,17,20000,geometry_only,rf,geometry_only | rf,0.8201910884191259,0.8187965714717403,0.8215856053665115,0.0015909360663927034,0.6013693965233955,0.6004786072680557,0.6022601857787353,0.6707811478204722,0.6696614549826637,0.6719008406582806,0.8229238869976644,0.8222287574475085,0.8236190165478203
primary,uptake(mmol/g) methane at 5.8 bar,17,40000,geometry_only,rf,geometry_only | rf,0.8014571674580209,0.8008743221180548,0.802040012797987,0.0006649396941495377,0.5843066182643813,0.5836429401922641,0.5849702963364986,0.6856494893632098,0.6851921376123883,0.6861068411140313,0.831751520515178,0.831290488994154,0.8322125520362019
primary,uptake(mmol/g) methane at 5.8 bar,17,210995,geometry_only,rf,geometry_only | rf,0.7644327234167266,0.7641142108748369,0.7647512359586164,0.00036337535477127354,0.5504382836144804,0.5502944739227447,0.5505820933062162,0.714022467362665,0.7137841291142188,0.714260805611111,0.8492056506600114,0.8490738031484579,0.8493374981715649
primary,uptake(mmol/g) methane at 5.8 bar,17,500,geometry_only,ridge,geometry_only | ridge,1.0901618256042098,1.0839066716577952,1.0964169795506244,0.0071361986907701154,0.8297418011377573,0.8232265734108964,0.8362570288646182,0.4183655463407406,0.4116683959583598,0.42506269672312136,0.6788248088604022,0.6749499160626664,0.682699701658138
primary,uptake(mmol/g) methane at 5.8 bar,17,1000,geometry_only,ridge,geometry_only | ridge,1.0831862553267981,1.081636869129656,1.0847356415239402,0.0017676188062294076,0.8239335993475038,0.8205539909714401,0.8273132077235674,0.4258035501264622,0.42416140941753216,0.42744569083539224,0.6812532746262687,0.6804195136589343,0.6820870355936032
primary,uptake(mmol/g) methane at 5.8 bar,17,2000,geometry_only,ridge,geometry_only | ridge,1.0815418947498978,1.0807332781972527,1.082350511302543,0.0009225110099214107,0.8223751900707622,0.8210584517709526,0.8236919283705718,0.42754646253510453,0.4266908710591221,0.42840205401108694,0.6817718387289731,0.6809402351852772,0.6826034422726689
primary,uptake(mmol/g) methane at 5.8 bar,17,5000,geometry_only,ridge,geometry_only | ridge,1.0796957149481223,1.0791474081770214,1.0802440217192233,0.0006255363330128391,0.8204939866996028,0.8193788066642107,0.821609166734995,0.4294993168157271,0.42891971983106514,0.4300789138003891,0.6825897050487477,0.682254707884447,0.6829247022130485
primary,uptake(mmol/g) methane at 5.8 bar,17,10000,geometry_only,ridge,geometry_only | ridge,1.079261240078166,1.0791324147655128,1.0793900653908193,0.0001469704879159009,0.8200188730705724,0.8188282353528741,0.8212095107882708,0.42995851361685516,0.4298224274616856,0.43009459977202474,0.6829103006449481,0.6828560070077327,0.6829645942821634
primary,uptake(mmol/g) methane at 5.8 bar,17,20000,geometry_only,ridge,geometry_only | ridge,1.0791403051475132,1.0789891951267214,1.079291415168305,0.00017239401967964618,0.8206848858814728,0.819418592044029,0.8219511797189166,0.43008625349352,0.42992664090304883,0.4302458660839911,0.68293832533455,0.682751631495,0.6831250191741001
primary,uptake(mmol/g) methane at 5.8 bar,17,40000,geometry_only,ridge,geometry_only | ridge,1.0789224244585658,1.078870918648047,1.0789739302690846,5.8760455896079554e-05,0.8201769684285443,0.819498170692613,0.8208557661644755,0.4303163740997123,0.43026198154556267,0.4303707666538619,0.6829952026744216,0.6828695836548904,0.6831208216939528
primary,uptake(mmol/g) methane at 5.8 bar,17,210995,geometry_only,ridge,geometry_only | ridge,1.078844108865725,1.078844108865725,1.078844108865725,0.0,0.8197612143039695,0.8197612143039695,0.8197612143039695,0.4303990755429058,0.4303990755429058,0.4303990755429058,0.6829768068585598,0.6829768068585598,0.6829768068585598
primary,uptake(mmol/g) methane at 5.8 bar,17,500,geometry_plus_topology,hgb,geometry_plus_topology | hgb,0.9189552814359147,0.9097193972499562,0.9281911656218731,0.010536767791897194,0.6950835085519833,0.6866379235612242,0.7035290935427424,0.5866787560889607,0.5784000840216577,0.5949574281562637,0.7760159027354503,0.7699946908243912,0.7820371146465094
primary,uptake(mmol/g) methane at 5.8 bar,17,1000,geometry_plus_topology,hgb,geometry_plus_topology | hgb,0.8636694490900252,0.856761943429894,0.8705769547501564,0.007880434801539755,0.649652645413552,0.6437722311250851,0.655533059702019,0.6349289995861929,0.6290844034571542,0.6407735957152315,0.8020032084107094,0.7984652970271618,0.8055411197942569
primary,uptake(mmol/g) methane at 5.8 bar,17,2000,geometry_plus_topology,hgb,geometry_plus_topology | hgb,0.809643886139666,0.804905540114762,0.81438223216457,0.005405746843163905,0.6060163566814778,0.6030074600965183,0.6090252532664373,0.6791833748188972,0.675426706829189,0.6829400428086054,0.8273940489341631,0.8262045049141881,0.8285835929541382
primary,uptake(mmol/g) methane at 5.8 bar,17,5000,geometry_plus_topology,hgb,geometry_plus_topology | hgb,0.7620268970542623,0.7590538648513818,0.7649999292571428,0.0033917867882330504,0.5680024701091415,0.5668534550097923,0.5691514852084907,0.7158152418807597,0.7135975152716145,0.7180329684899049,0.8473186952103979,0.8464644225585135,0.8481729678622824
primary,uptake(mmol/g) methane at 5.8 bar,17,10000,geometry_plus_topology,hgb,geometry_plus_topology | hgb,0.7359635509153714,0.7345850883997072,0.7373420134310356,0.001572620351765541,0.5490894125205121,0.5476646260469935,0.5505141989940308,0.7349257780362214,0.7339322370866388,0.735919318985804,0.8579024136805391,0.8574017499725863,0.8584030773884919
primary,uptake(mmol/g) methane at 5.8 bar,17,20000,geometry_plus_topology,hgb,geometry_plus_topology | hgb,0.7196061707063819,0.7181641617518969,0.7210481796608669,0.001645117370608054,0.5374114567912621,0.5364748189243971,0.5383480946581272,0.7465776754949296,0.745561749469838,0.7475936015200212,0.8639261198364068,0.8633829423408638,0.8644692973319498
primary,uptake(mmol/g) methane at 5.8 bar,17,40000,geometry_plus_topology,hgb,geometry_plus_topology | hgb,0.7092547587397959,0.7084263908054553,0.7100831266741365,0.0009450443936564364,0.5303978777355672,0.5295128995910121,0.5312828558801224,0.7538167899534647,0.7532421473135384,0.7543914325933909,0.8680338397175186,0.8676317761393806,0.8684359032956566
primary,uptake(mmol/g) methane at 5.8 bar,17,210995,geometry_plus_topology,hgb,geometry_plus_topology | hgb,0.6990462972519527,0.6982571155628615,0.6998354789410438,0.0009003387262274446,0.5230273938889534,0.5225150738914144,0.5235397138864923,0.7608525511431099,0.7603126539078641,0.7613924483783557,0.8718456962755639,0.8715838165761772,0.8721075759749505
primary,uptake(mmol/g) methane at 5.8 bar,17,500,geometry_plus_topology,mlp,geometry_plus_topology | mlp,0.952379678329614,0.8907654788543355,1.0139938778048925,0.07029262163569101,0.7057508180999988,0.6829458844579703,0.7285557517420274,0.5541773916235033,0.49451457409451194,0.6138402091524947,0.7652580135909608,0.7496746839010223,0.7808413432808993
primary,uptake(mmol/g) methane at 5.8 bar,17,1000,geometry_plus_topology,mlp,geometry_plus_topology | mlp,0.9018232226760707,0.8121981519415973,0.9914482934105442,0.10224885237270902,0.6798294942499075,0.609889749936359,0.7497692385634559,0.5978948633977152,0.5136373308388522,0.6821523959565783,0.7825487837794844,0.7323851412401113,0.8327124263188576
primary,uptake(mmol/g) methane at 5.8 bar,17,2000,geometry_plus_topology,mlp,geometry_plus_topology | mlp,0.8013025884565312,0.7916470109998053,0.8109581659132572,0.011015575283292688,0.5988719636149015,0.5903152037018616,0.6074287235279413,0.6857234028038256,0.678137370319557,0.6933094352880942,0.8344956817488647,0.8295007431477438,0.8394906203499856
primary,uptake(mmol/g) methane at 5.8 bar,17,5000,geometry_plus_topology,mlp,geometry_plus_topology | mlp,0.7741318865212232,0.7706497021556,0.7776140708868464,0.003972653546796148,0.5762516861309368,0.5730934097558653,0.5794099625060083,0.7067133066654081,0.7040727842651261,0.7093538290656901,0.8468136941011238,0.8456531265496902,0.8479742616525575
primary,uptake(mmol/g) methane at 5.8 bar,17,10000,geometry_plus_topology,mlp,geometry_plus_topology | mlp,0.7548003979528913,0.7540999714537235,0.7555008244520591,0.0007990822782558052,0.5595020887594622,0.558653781809888,0.5603503957090363,0.7211838493542947,0.7206663662879185,0.7217013324206709,0.854783749747918,0.8539608295119602,0.8556066699838759
primary,uptake(mmol/g) methane at 5.8 bar,17,20000,geometry_plus_topology,mlp,geometry_plus_topology | mlp,0.726414367907465,0.7211822745642864,0.7316464612506437,0.005969038969373312,0.5362189307299361,0.5313265531742466,0.5411113082856256,0.7417468624590656,0.7380168611645505,0.7454768637535808,0.8653043827945073,0.8637676468374859,0.8668411187515287
primary,uptake(mmol/g) methane at 5.8 bar,17,40000,geometry_plus_topology,mlp,geometry_plus_topology | mlp,0.7037979489958877,0.6959479540403464,0.7116479439514289,0.008955674665112606,0.5180199785883554,0.5112383147104814,0.5248016424662293,0.7575592920144356,0.7521344741508259,0.7629841098780453,0.873079493195533,0.8707294826996109,0.8754295036914551
primary,uptake(mmol/g) methane at 5.8 bar,17,210995,geometry_plus_topology,mlp,geometry_plus_topology | mlp,0.6586026364472932,0.6514280880807825,0.665777184813804,0.008185090742539872,0.48187899203621054,0.47620156862940977,0.4875564154430113,0.7876980974677736,0.7830395106718985,0.7923566842636488,0.8887207782654316,0.8861464091494046,0.8912951473814587
primary,uptake(mmol/g) methane at 5.8 bar,17,500,geometry_plus_topology,rf,geometry_plus_topology | rf,0.8993411955714137,0.8919530141654602,0.9067293769773671,0.008428814211128477,0.6812832867930145,0.6736396589146824,0.6889269146713467,0.604148050210417,0.5976405826747972,0.6106555177460367,0.780537165294087,0.7752924667815976,0.7857818638065764
primary,uptake(mmol/g) methane at 5.8 bar,17,1000,geometry_plus_topology,rf,geometry_plus_topology | rf,0.8555144582656965,0.8481861511520641,0.8628427653793289,0.008360506564325153,0.6447775490884806,0.6387319260825892,0.650823172094372,0.6417871317534519,0.6356540247635966,0.6479202387433073,0.8035647624681559,0.8006706780849957,0.8064588468513161
primary,uptake(mmol/g) methane at 5.8 bar,17,2000,geometry_plus_topology,rf,geometry_plus_topology | rf,0.8141260147580442,0.8083344171789363,0.8199176123371522,0.006607349941432958,0.609773575915978,0.6060576391279886,0.6134895127039675,0.6756159843224279,0.6709938145546499,0.6802381540902058,0.8239838915954116,0.8214742590109299,0.8264935241798934
primary,uptake(mmol/g) methane at 5.8 bar,17,5000,geometry_plus_topology,rf,geometry_plus_topology | rf,0.7696977809414273,0.7669761423040131,0.7724194195788414,0.0031049841854326535,0.5717678187643556,0.5693457679923056,0.5741898695364055,0.7100658181861286,0.7080165486432097,0.7121150877290474,0.8436640266537445,0.8424107272347977,0.8449173260726913
primary,uptake(mmol/g) methane at 5.8 bar,17,10000,geometry_plus_topology,rf,geometry_plus_topology | rf,0.7380303263400146,0.7361365236689117,0.7399241290111176,0.0021605466880392707,0.5451301126286092,0.5434917289000221,0.5467684963571964,0.7334340401931138,0.7320642332291432,0.7348038471570844,0.8565832526309528,0.8557495513464493,0.8574169539154564
primary,uptake(mmol/g) methane at 5.8 bar,17,20000,geometry_plus_topology,rf,geometry_plus_topology | rf,0.7062401239807495,0.7045077779330233,0.7079724700284757,0.0019763487363617343,0.5192407483115533,0.5183948813212798,0.5200866153018269,0.7559039268101418,0.7547068719817934,0.7571009816384903,0.8683609317875429,0.8675940532504229,0.8691278103246629
primary,uptake(mmol/g) methane at 5.8 bar,17,40000,geometry_plus_topology,rf,geometry_plus_topology | rf,0.6822155422998086,0.6801943608031693,0.684236723796448,0.0023058669496685063,0.49954371358427574,0.49796023983640025,0.5011271873321512,0.7722279217257306,0.7708779338992041,0.7735779095522571,0.8767424006028108,0.8759653776683665,0.8775194235372552
primary,uptake(mmol/g) methane at 5.8 bar,17,210995,geometry_plus_topology,rf,geometry_plus_topology | rf,0.6378796846603018,0.637669485439317,0.6380898838812865,0.0002398059933364462,0.46067674267188,0.4604994448783823,0.46085404046537776,0.8008726622250414,0.800741422605865,0.8010039018442178,0.8914445097333109,0.89138082103884,0.8915081984277818
primary,uptake(mmol/g) methane at 5.8 bar,17,500,geometry_plus_topology,ridge,geometry_plus_topology | ridge,0.9270594008616658,0.9093056713645027,0.944813130358829,0.020254360209081643,0.7020324255159661,0.6909653872084377,0.7130994638234945,0.5792402076181423,0.5629699637592995,0.5955104514769851,0.7788457647490873,0.7719944346599233,0.7856970948382512
primary,uptake(mmol/g) methane at 5.8 bar,17,1000,geometry_plus_topology,ridge,geometry_plus_topology | ridge,0.9051584905079375,0.9026009858299827,0.9077159951858923,0.0029177317921840157,0.6868881571115064,0.6827981332716125,0.6909781809514003,0.5990352762464588,0.5967705060250916,0.601300046467826,0.7859026204762427,0.7831612463707952,0.7886439945816902
primary,uptake(mmol/g) methane at 5.8 bar,17,2000,geometry_plus_topology,ridge,geometry_plus_topology | ridge,0.8961777320849261,0.8946849889056845,0.8976704752641678,0.0017029975621088848,0.6804834135813549,0.6787115755463925,0.6822552516163173,0.6069544819491092,0.6056451338426658,0.6082638300555525,0.7892113161315357,0.787109098961722,0.7913135333013495
primary,uptake(mmol/g) methane at 5.8 bar,17,5000,geometry_plus_topology,ridge,geometry_plus_topology | ridge,0.8903761843020165,0.889973857560378,0.890778511043655,0.00045899486911723,0.6755540242245456,0.6746880922750222,0.6764199561740689,0.6120279326325411,0.6116773948384545,0.6123784704266276,0.7921088112411778,0.7916010368244175,0.7926165856579381
primary,uptake(mmol/g) methane at 5.8 bar,17,10000,geometry_plus_topology,ridge,geometry_plus_topology | ridge,0.8887862578984057,0.8882060565976925,0.8893664591991189,0.0006619232393002564,0.6745431648850482,0.6736459002616179,0.6754404295084785,0.6134121936263109,0.6129073726502494,0.6139170146023725,0.792955123015019,0.7924817964082926,0.7934284496217454
primary,uptake(mmol/g) methane at 5.8 bar,17,20000,geometry_plus_topology,ridge,geometry_plus_topology | ridge,0.8876695406864705,0.8872390033902879,0.8881000779826531,0.0004911789087311979,0.673946106047154,0.6732684763297121,0.6746237357645959,0.6143831179765031,0.6140090084854256,0.6147572274675807,0.7936105664886663,0.7931846739696484,0.7940364590076843
primary,uptake(mmol/g) methane at 5.8 bar,17,40000,geometry_plus_topology,ridge,geometry_plus_topology | ridge,0.8872628679856973,0.8868399425926066,0.8876857933787881,0.0004824948614089901,0.673491772719023,0.6729506944797601,0.674032850958286,0.61473636963199,0.6143691095679259,0.615103629696054,0.7936668412402437,0.7931798912066055,0.7941537912738819
primary,uptake(mmol/g) methane at 5.8 bar,17,210995,geometry_plus_topology,ridge,geometry_plus_topology | ridge,0.8864104347374528,0.8864104347374528,0.8864104347374528,0.0,0.6728197774851171,0.6728197774851171,0.6728197774851171,0.6154763851034046,0.6154763851034046,0.6154763851034046,0.7942972838634506,0.7942972838634506,0.7942972838634506
primary,uptake(mmol/g) methane at 5.8 bar,17,500,topology_only,hgb,topology_only | hgb,1.1399624758209808,1.1376482483363666,1.142276703305595,0.002640188760712196,0.8754244228475606,0.8736271581745098,0.8772216875206115,0.36403052349103493,0.3614507982937443,0.36661024868832554,0.622267985799865,0.6189745885705776,0.6255613830291523
primary,uptake(mmol/g) methane at 5.8 bar,17,1000,topology_only,hgb,topology_only | hgb,1.134436645732942,1.1307405437086604,1.1381327477572236,0.004216701723504102,0.869072622127985,0.8658367901002478,0.8723084541557221,0.37017689153524974,0.3660651524055502,0.3742886306649493,0.6242866494598471,0.6237791255978318,0.6247941733218625
primary,uptake(mmol/g) methane at 5.8 bar,17,2000,topology_only,hgb,topology_only | hgb,1.128132730299551,1.1262710145263657,1.1299944460727362,0.00212394031817655,0.8632891456877332,0.8604678624793618,0.8661104288961046,0.3771622499115896,0.37510617051735945,0.3792183293058197,0.6259747759014485,0.6212737718981607,0.6306757799047362
primary,uptake(mmol/g) methane at 5.8 bar,17,5000,topology_only,hgb,topology_only | hgb,1.123650125496976,1.1227382112521171,1.1245620397418348,0.0010403582863033986,0.8597298703261353,0.8588434525732963,0.8606162880789744,0.3821034024505458,0.3810998768249229,0.3831069280761687,0.6278867750308091,0.6239928378191838,0.6317807122424345
primary,uptake(mmol/g) methane at 5.8 bar,17,10000,topology_only,hgb,topology_only | hgb,1.1222782456372054,1.1219485564395837,1.122607934834827,0.0003761262537395553,0.8584760990258866,0.8580365785500732,0.8589156195017,0.3836116455957049,0.38324945074930616,0.3839738404421036,0.6304752428597624,0.6297950747849426,0.6311554109345823
primary,uptake(mmol/g) methane at 5.8 bar,17,20000,topology_only,hgb,topology_only | hgb,1.1219489928504056,1.1216260297085123,1.122271955992299,0.00036845282627577964,0.8587962145954744,0.8583286638302509,0.8592637653606979,0.38397326545410404,0.3836185463952105,0.3843279845129976,0.6311347678772968,0.630966919201998,0.6313026165525957
primary,uptake(mmol/g) methane at 5.8 bar,17,40000,topology_only,hgb,topology_only | hgb,1.1213749911317747,1.1212037689220524,1.121546213341497,0.00019533903071254944,0.8580321525765917,0.8575790048953845,0.8584853002577989,0.38460347477519397,0.38441553914043125,0.3847914104099567,0.6313532943202574,0.6308797760961962,0.6318268125443187
primary,uptake(mmol/g) methane at 5.8 bar,17,210995,topology_only,hgb,topology_only | hgb,1.1203578950360986,1.1203345797281417,1.1203812103440556,2.6599292606099707e-05,0.8571466239163185,0.8570774219881059,0.857215825844531,0.3857193222973988,0.3856937552354422,0.3857448893593554,0.6319795871346641,0.631934588368719,0.6320245859006092
primary,uptake(mmol/g) methane at 5.8 bar,17,500,topology_only,mlp,topology_only | mlp,1.1421548733868359,1.1353839968296637,1.148925749944008,0.0077245613515799305,0.8761765959272745,0.8707306593903525,0.8816225324641964,0.3615613325371053,0.35401412241319963,0.369108542661011,0.6157563420569621,0.6068613210286539,0.6246513630852703
primary,uptake(mmol/g) methane at 5.8 bar,17,1000,topology_only,mlp,topology_only | mlp,1.130676747493912,1.1260770297395546,1.1352764652482692,0.005247592640844741,0.8652294392682964,0.8627228986873717,0.8677359798492211,0.3743409913313829,0.3692432410859331,0.37943874157683266,0.6238052017764627,0.6229598685324707,0.6246505350204548
primary,uptake(mmol/g) methane at 5.8 bar,17,2000,topology_only,mlp,topology_only | mlp,1.1296553895673738,1.1252264668642247,1.1340843122705229,0.005052740934353914,0.8665736625067367,0.8583051543841659,0.8748421706293076,0.3754715821797653,0.3705615654701861,0.3803815988893445,0.6237592529786695,0.6197043714242344,0.6278141345331046
primary,uptake(mmol/g) methane at 5.8 bar,17,5000,topology_only,mlp,topology_only | mlp,1.1252113923117277,1.1219218414192893,1.1285009432041662,0.0037528874545599703,0.8620465611014196,0.856746068018099,0.8673470541847402,0.38038003525597464,0.3767497851463664,0.38401028536558285,0.6272941423991,0.6241004067143112,0.6304878780838887
primary,uptake(mmol/g) methane at 5.8 bar,17,10000,topology_only,mlp,topology_only | mlp,1.1227896379363789,1.122263339009049,1.1233159368637087,0.0006004286622420848,0.8591955971920229,0.858617978890806,0.8597732154932397,0.38304968839739245,0.3824713299243229,0.383628046870462,0.6299645265624119,0.6288444406925958,0.6310846124322279
primary,uptake(mmol/g) methane at 5.8 bar,17,20000,topology_only,mlp,topology_only | mlp,1.1219242651948236,1.1214810002175781,1.122367530172069,0.0005056992965130437,0.8586028882235345,0.85739533970034,0.859810436746729,0.38400037252974306,0.383513652884907,0.3844870921745791,0.6312382428897163,0.630684910914605,0.6317915748648276
primary,uptake(mmol/g) methane at 5.8 bar,17,40000,topology_only,mlp,topology_only | mlp,1.121571385665869,1.1208228269879126,1.1223199443438252,0.0008539939229885849,0.8585094490428868,0.8574445470786276,0.8595743510071461,0.3843876276003142,0.38356569392896156,0.38520956127166683,0.6318555178474075,0.631725359247536,0.6319856764472789
primary,uptake(mmol/g) methane at 5.8 bar,17,210995,topology_only,mlp,topology_only | mlp,1.1207369759980808,1.1205623850031101,1.1209115669930514,0.00019918231276199686,0.8575765644076212,0.8569315315645051,0.8582215972507373,0.38530354435304615,0.38511202786368753,0.38549506084240476,0.6317166407507987,0.6312109833519806,0.6322222981496168
primary,uptake(mmol/g) methane at 5.8 bar,17,500,topology_only,rf,topology_only | rf,1.1375960659939792,1.1349141212739957,1.1402780107139627,0.0030596993396836652,0.8716246495228296,0.8685215970477871,0.8747277019978721,0.36666721083853704,0.36368059342387227,0.3696538282532018,0.6235287262951048,0.6204858473630941,0.6265716052271155
primary,uptake(mmol/g) methane at 5.8 bar,17,1000,topology_only,rf,topology_only | rf,1.1309540393081126,1.1263509225494925,1.1355571560667326,0.005251470398287092,0.8647263537524758,0.8624954174164823,0.8669572900884692,0.37403406467527106,0.3689302819445452,0.37913784740599693,0.6257761444017164,0.6236279063518768,0.6279243824515559
primary,uptake(mmol/g) methane at 5.8 bar,17,2000,topology_only,rf,topology_only | rf,1.125941298610781,1.1246970893934303,1.1271855078281319,0.001419457340932704,0.8611661234277047,0.8590000420187441,0.8633322048366653,0.37958063218668564,0.37820982006676945,0.3809514443066018,0.6263863203982283,0.6215077399753643,0.6312649008210922
primary,uptake(mmol/g) methane at 5.8 bar,17,5000,topology_only,rf,topology_only | rf,1.1232292672767188,1.1222430572170112,1.1242154773364263,0.0011251187416328186,0.8590087908798635,0.8581673352973427,0.8598502464623843,0.38256610450595796,0.3814813262997736,0.3836508827121423,0.6288643159504324,0.6253445002015275,0.6323841316993372
primary,uptake(mmol/g) methane at 5.8 bar,17,10000,topology_only,rf,topology_only | rf,1.1222343487111766,1.1219757360857263,1.1224929613366268,0.0002950384746665327,0.8584963487183188,0.858030388404253,0.8589623090323846,0.3836598849318037,0.38337582004874343,0.38394394981486396,0.6304857899282205,0.6296944427893653,0.6312771370670757
primary,uptake(mmol/g) methane at 5.8 bar,17,20000,topology_only,rf,topology_only | rf,1.121442622977005,1.1211597962834143,1.1217254496705955,0.00032266311873469964,0.8582471818011251,0.8577391689844217,0.8587551946178286,0.3845292157005988,0.3842188109409321,0.3848396204602655,0.6310659899924851,0.630468223769529,0.6316637562154411
primary,uptake(mmol/g) methane at 5.8 bar,17,40000,topology_only,rf,topology_only | rf,1.1210885324038335,1.1209578768836397,1.1212191879240274,0.00014905848203516198,0.8578377584405951,0.8574839513076563,0.8581915655735338,0.3849178507606998,0.3847744803219028,0.38506122119949676,0.6315701647393108,0.6315045573063568,0.6316357721722649
primary,uptake(mmol/g) methane at 5.8 bar,17,210995,topology_only,rf,topology_only | rf,1.1209761948334405,1.120969995174058,1.120982394492823,7.072887661507166e-06,0.857789654819267,0.8577805797327509,0.857798729905783,0.38504112066209845,0.3850343184862423,0.3850479228379546,0.6315056173993769,0.6315004634331137,0.6315107713656402
primary,uptake(mmol/g) methane at 5.8 bar,17,500,topology_only,ridge,topology_only | ridge,1.140671907859813,1.1353156507185334,1.1460281650010928,0.006110691363709337,0.8747454672853662,0.8715717615833718,0.8779191729873606,0.3632268255639614,0.35724637887446303,0.3692072722534598,0.6151105598899054,0.6039475721924947,0.626273547587316
primary,uptake(mmol/g) methane at 5.8 bar,17,1000,topology_only,ridge,topology_only | ridge,1.1314809021981236,1.1271013259231106,1.1358604784731365,0.004996444012027597,0.8655625637498355,0.8628960560660605,0.8682290714336106,0.37345174083319227,0.36859437349153906,0.3783091081748455,0.6258052865203949,0.6245967846416856,0.6270137883991043
primary,uptake(mmol/g) methane at 5.8 bar,17,2000,topology_only,ridge,topology_only | ridge,1.1262459337368942,1.1249105280223517,1.1275813394514367,0.0015234989567645234,0.8614115039691861,0.8594972057287649,0.8633258022096073,0.3792447454981239,0.3777726679875286,0.38071682300871923,0.6266561030687788,0.6213805749888771,0.6319316311486806
primary,uptake(mmol/g) methane at 5.8 bar,17,5000,topology_only,ridge,topology_only | ridge,1.1231245376316008,1.1221407945030806,1.124108280760121,0.0011223043406986823,0.8589720924778683,0.8580965613632265,0.8598476235925101,0.3826812403181913,0.38159925194880995,0.3837632286875726,0.6284059673102117,0.6251402305971601,0.6316717040232633
primary,uptake(mmol/g) methane at 5.8 bar,17,10000,topology_only,ridge,topology_only | ridge,1.122070057341584,1.1218411028888868,1.1222990117942813,0.0002612029183581982,0.8583055041587538,0.8577194437674106,0.8588915645500971,0.3838403393595978,0.38358890157250664,0.384091777146689,0.6304857348678297,0.6299234382613184,0.631048031474341
primary,uptake(mmol/g) methane at 5.8 bar,17,20000,topology_only,ridge,topology_only | ridge,1.1210513765201517,1.120820587612994,1.1212821654273095,0.0002632957575803628,0.8577556905775895,0.8572826401977507,0.8582287409574283,0.38495860258931636,0.3847053970884962,0.3852118080901365,0.6316817743790489,0.6314814976938405,0.6318820510642573
primary,uptake(mmol/g) methane at 5.8 bar,17,40000,topology_only,ridge,topology_only | ridge,1.120599824251002,1.120439803947686,1.120759844554318,0.00018255932448709827,0.8572690083167899,0.8569128103885634,0.8576252062450164,0.38545398629633276,0.38527847501610496,0.38562949757656056,0.6318893611151628,0.6318111265563525,0.6319675956739731
primary,uptake(mmol/g) methane at 5.8 bar,17,210995,topology_only,ridge,topology_only | ridge,1.1203197097005575,1.1203197097005575,1.1203197097005575,0.0,0.857010032501335,0.8570100325013349,0.8570100325013351,0.38576119511201057,0.38576119511201057,0.38576119511201057,0.6319148431154139,0.6319148431154139,0.6319148431154139
