target_col,test_seed,subsample_seed,n_train,descriptor_family,model_name,feature,importance_mean,importance_std
uptake(mmol/g) CO2 at 0.15 bar,17,0,500,geometry_plus_topology,rf,UC_volume,0.003557881761069426,0.000301365402574977
uptake(mmol/g) CO2 at 0.15 bar,17,0,500,geometry_plus_topology,rf,Density,0.03436667096599823,0.00048113010733816274
uptake(mmol/g) CO2 at 0.15 bar,17,0,500,geometry_plus_topology,rf,ASA,-0.005910272778842008,0.00021053450536645435
uptake(mmol/g) CO2 at 0.15 bar,17,0,500,geometry_plus_topology,rf,vASA,-0.0012068117957610204,0.0002494999811502658
uptake(mmol/g) CO2 at 0.15 bar,17,0,500,geometry_plus_topology,rf,NASA,0.0032594877772925356,9.908833374121134e-05
uptake(mmol/g) CO2 at 0.15 bar,17,0,500,geometry_plus_topology,rf,AVA,0.0044814007487938515,0.00012819142357193373
uptake(mmol/g) CO2 at 0.15 bar,17,0,500,geometry_plus_topology,rf,AVAf,0.16254510586227106,0.0013893144151737812
uptake(mmol/g) CO2 at 0.15 bar,17,0,500,geometry_plus_topology,rf,POAVA,-0.003375148011802853,0.0001653195867003225
uptake(mmol/g) CO2 at 0.15 bar,17,0,500,geometry_plus_topology,rf,Df,0.002426861935446711,0.00016827189980485555
uptake(mmol/g) CO2 at 0.15 bar,17,0,500,geometry_plus_topology,rf,Di,-0.0012750214142760452,7.849013997773482e-05
uptake(mmol/g) CO2 at 0.15 bar,17,0,500,geometry_plus_topology,rf,Dif,0.0014698011955674105,0.00012077630168504414
uptake(mmol/g) CO2 at 0.15 bar,17,0,500,geometry_plus_topology,rf,lcd_pld_ratio,-0.0015383659813886451,0.0001646323255798055
uptake(mmol/g) CO2 at 0.15 bar,17,0,500,geometry_plus_topology,rf,cavity_window_gap,0.0007626360841708757,0.00023294920961692281
uptake(mmol/g) CO2 at 0.15 bar,17,0,500,geometry_plus_topology,rf,sa_pv_ratio,0.014094204185623826,0.00039591918279777296
uptake(mmol/g) CO2 at 0.15 bar,17,0,500,geometry_plus_topology,rf,vf_density_ratio,0.1142654109055627,0.0009868133243299993
uptake(mmol/g) CO2 at 0.15 bar,17,0,500,geometry_plus_topology,rf,log_pld_plus1,0.0005660082461362848,0.0001507144279899572
uptake(mmol/g) CO2 at 0.15 bar,17,0,500,geometry_plus_topology,rf,log_lcd_plus1,-0.0005864729915673772,8.685137009558357e-05
uptake(mmol/g) CO2 at 0.15 bar,17,0,500,geometry_plus_topology,rf,topology_label___OTHER__,0.13422075811751757,0.0013210232994833103
uptake(mmol/g) CO2 at 0.15 bar,17,0,2000,geometry_plus_topology,rf,UC_volume,0.008035850321238136,0.00029032158164227673
uptake(mmol/g) CO2 at 0.15 bar,17,0,2000,geometry_plus_topology,rf,Density,0.014788413201485651,0.00024205508625589454
uptake(mmol/g) CO2 at 0.15 bar,17,0,2000,geometry_plus_topology,rf,ASA,0.002986296308325842,0.00013483863695334876
uptake(mmol/g) CO2 at 0.15 bar,17,0,2000,geometry_plus_topology,rf,vASA,0.008320420988957444,0.0001607411414227519
uptake(mmol/g) CO2 at 0.15 bar,17,0,2000,geometry_plus_topology,rf,NASA,0.0017705989951519395,0.0001610804886054699
uptake(mmol/g) CO2 at 0.15 bar,17,0,2000,geometry_plus_topology,rf,AVA,0.016313625537280586,0.00024442587072949197
uptake(mmol/g) CO2 at 0.15 bar,17,0,2000,geometry_plus_topology,rf,AVAf,0.15651017413284513,0.0011282836715595342
uptake(mmol/g) CO2 at 0.15 bar,17,0,2000,geometry_plus_topology,rf,POAVA,0.0021587973321927413,0.00013062189271771714
uptake(mmol/g) CO2 at 0.15 bar,17,0,2000,geometry_plus_topology,rf,Df,0.001435429269328603,0.0001553656039388674
uptake(mmol/g) CO2 at 0.15 bar,17,0,2000,geometry_plus_topology,rf,Di,0.002235176515932691,0.00014577596963732142
uptake(mmol/g) CO2 at 0.15 bar,17,0,2000,geometry_plus_topology,rf,Dif,0.009979187393702248,0.0002981435405579907
uptake(mmol/g) CO2 at 0.15 bar,17,0,2000,geometry_plus_topology,rf,lcd_pld_ratio,0.0005396882383661428,0.00022262922319648022
uptake(mmol/g) CO2 at 0.15 bar,17,0,2000,geometry_plus_topology,rf,cavity_window_gap,0.0044373830659726445,0.00034661774210202774
uptake(mmol/g) CO2 at 0.15 bar,17,0,2000,geometry_plus_topology,rf,sa_pv_ratio,0.010105054868917695,0.0002025261678703501
uptake(mmol/g) CO2 at 0.15 bar,17,0,2000,geometry_plus_topology,rf,vf_density_ratio,0.15089377771780543,0.001169110739358285
uptake(mmol/g) CO2 at 0.15 bar,17,0,2000,geometry_plus_topology,rf,log_pld_plus1,0.0029045802193330196,0.00014216753850443102
uptake(mmol/g) CO2 at 0.15 bar,17,0,2000,geometry_plus_topology,rf,log_lcd_plus1,0.003345143905204795,0.00014986448964612376
uptake(mmol/g) CO2 at 0.15 bar,17,0,2000,geometry_plus_topology,rf,topology_label___OTHER__,0.16683369245174176,0.0018449880406129849
uptake(mmol/g) CO2 at 0.15 bar,17,0,10000,geometry_plus_topology,rf,UC_volume,0.01683537587135713,0.00039330307999742384
uptake(mmol/g) CO2 at 0.15 bar,17,0,10000,geometry_plus_topology,rf,Density,0.039978479582376845,0.00033309782046735847
uptake(mmol/g) CO2 at 0.15 bar,17,0,10000,geometry_plus_topology,rf,ASA,0.012178030080622371,0.0001518420853105213
uptake(mmol/g) CO2 at 0.15 bar,17,0,10000,geometry_plus_topology,rf,vASA,0.03499883774444308,0.0007634096195390699
uptake(mmol/g) CO2 at 0.15 bar,17,0,10000,geometry_plus_topology,rf,NASA,0.0001400178307270794,0.0002587917892469505
uptake(mmol/g) CO2 at 0.15 bar,17,0,10000,geometry_plus_topology,rf,AVA,0.006532793738601728,0.00022301441062786987
uptake(mmol/g) CO2 at 0.15 bar,17,0,10000,geometry_plus_topology,rf,AVAf,0.19199557535048212,0.0014416332644787899
uptake(mmol/g) CO2 at 0.15 bar,17,0,10000,geometry_plus_topology,rf,POAVA,0.007966302615613319,0.00030344995208646605
uptake(mmol/g) CO2 at 0.15 bar,17,0,10000,geometry_plus_topology,rf,Df,0.006824185836757401,0.00019482393209433165
uptake(mmol/g) CO2 at 0.15 bar,17,0,10000,geometry_plus_topology,rf,Di,0.006925759205452298,0.0002741011355062165
uptake(mmol/g) CO2 at 0.15 bar,17,0,10000,geometry_plus_topology,rf,Dif,0.015333391031600441,0.000318224069783641
uptake(mmol/g) CO2 at 0.15 bar,17,0,10000,geometry_plus_topology,rf,lcd_pld_ratio,0.004069359667532057,0.00036219258698128834
uptake(mmol/g) CO2 at 0.15 bar,17,0,10000,geometry_plus_topology,rf,cavity_window_gap,0.004342354145447392,0.00043237930989837876
uptake(mmol/g) CO2 at 0.15 bar,17,0,10000,geometry_plus_topology,rf,sa_pv_ratio,0.020211804101564236,0.0005644763982904757
uptake(mmol/g) CO2 at 0.15 bar,17,0,10000,geometry_plus_topology,rf,vf_density_ratio,0.3872093004226211,0.002111285166592951
uptake(mmol/g) CO2 at 0.15 bar,17,0,10000,geometry_plus_topology,rf,log_pld_plus1,0.007117199327806645,0.00021505121396461592
uptake(mmol/g) CO2 at 0.15 bar,17,0,10000,geometry_plus_topology,rf,log_lcd_plus1,0.006974623542463687,0.00021716495317312886
uptake(mmol/g) CO2 at 0.15 bar,17,0,10000,geometry_plus_topology,rf,topology_label___OTHER__,0.16352429784614436,0.0019810585577597524
uptake(mmol/g) CO2 at 0.15 bar,17,0,210995,geometry_plus_topology,rf,UC_volume,0.1019979642501577,0.0009511985809263756
uptake(mmol/g) CO2 at 0.15 bar,17,0,210995,geometry_plus_topology,rf,Density,0.13392924178049997,0.0007514547366554657
uptake(mmol/g) CO2 at 0.15 bar,17,0,210995,geometry_plus_topology,rf,ASA,0.026708588053781374,0.0005029835364556771
uptake(mmol/g) CO2 at 0.15 bar,17,0,210995,geometry_plus_topology,rf,vASA,0.06483763363677923,0.00038566495479287646
uptake(mmol/g) CO2 at 0.15 bar,17,0,210995,geometry_plus_topology,rf,NASA,0.00863289422667326,0.0001762533883830867
uptake(mmol/g) CO2 at 0.15 bar,17,0,210995,geometry_plus_topology,rf,AVA,0.01516435942454083,0.0001964087286888026
uptake(mmol/g) CO2 at 0.15 bar,17,0,210995,geometry_plus_topology,rf,AVAf,0.276929980040849,0.0017523731190277967
uptake(mmol/g) CO2 at 0.15 bar,17,0,210995,geometry_plus_topology,rf,POAVA,0.026815986556750333,0.0006610324430293688
uptake(mmol/g) CO2 at 0.15 bar,17,0,210995,geometry_plus_topology,rf,Df,0.032268767375425556,0.000343647730962557
uptake(mmol/g) CO2 at 0.15 bar,17,0,210995,geometry_plus_topology,rf,Di,0.019207472189894326,0.00039721225527386843
uptake(mmol/g) CO2 at 0.15 bar,17,0,210995,geometry_plus_topology,rf,Dif,0.013349858974788336,0.00036234197948823067
uptake(mmol/g) CO2 at 0.15 bar,17,0,210995,geometry_plus_topology,rf,lcd_pld_ratio,0.02310954999306448,0.0003593211911482965
uptake(mmol/g) CO2 at 0.15 bar,17,0,210995,geometry_plus_topology,rf,cavity_window_gap,0.01412938606478612,0.000249969775341895
uptake(mmol/g) CO2 at 0.15 bar,17,0,210995,geometry_plus_topology,rf,sa_pv_ratio,0.021601191463650325,0.0003506136303850056
uptake(mmol/g) CO2 at 0.15 bar,17,0,210995,geometry_plus_topology,rf,vf_density_ratio,0.40204333738320874,0.0027341916505685313
uptake(mmol/g) CO2 at 0.15 bar,17,0,210995,geometry_plus_topology,rf,log_pld_plus1,0.03343898114777424,0.00045388424589299395
uptake(mmol/g) CO2 at 0.15 bar,17,0,210995,geometry_plus_topology,rf,log_lcd_plus1,0.020374697675477105,0.0003549157185420058
uptake(mmol/g) CO2 at 0.15 bar,17,0,210995,geometry_plus_topology,rf,topology_label___OTHER__,0.24247479198805694,0.0019433267517764746
uptake(mmol/g) CO2 at 0.15 bar,17,1,500,geometry_plus_topology,rf,UC_volume,0.003302370511108177,0.000165559551902518
uptake(mmol/g) CO2 at 0.15 bar,17,1,500,geometry_plus_topology,rf,Density,0.012782459189010853,0.000289095594337545
uptake(mmol/g) CO2 at 0.15 bar,17,1,500,geometry_plus_topology,rf,ASA,0.004736554432527074,0.0002699323427519069
uptake(mmol/g) CO2 at 0.15 bar,17,1,500,geometry_plus_topology,rf,vASA,0.006291615950157236,0.0002814350261712633
uptake(mmol/g) CO2 at 0.15 bar,17,1,500,geometry_plus_topology,rf,NASA,0.0003208379039312814,9.811817451708054e-05
uptake(mmol/g) CO2 at 0.15 bar,17,1,500,geometry_plus_topology,rf,AVA,0.02195901200123762,0.0006477874014223563
uptake(mmol/g) CO2 at 0.15 bar,17,1,500,geometry_plus_topology,rf,AVAf,0.18740851520166996,0.0009695983823025724
uptake(mmol/g) CO2 at 0.15 bar,17,1,500,geometry_plus_topology,rf,POAVA,-0.0004580675330450701,0.00016279526026552135
uptake(mmol/g) CO2 at 0.15 bar,17,1,500,geometry_plus_topology,rf,Df,0.013189149722691428,0.00023577890793615404
uptake(mmol/g) CO2 at 0.15 bar,17,1,500,geometry_plus_topology,rf,Di,0.005318967370660355,0.00013866355750491566
uptake(mmol/g) CO2 at 0.15 bar,17,1,500,geometry_plus_topology,rf,Dif,0.00717322783036759,0.0001457338079247436
uptake(mmol/g) CO2 at 0.15 bar,17,1,500,geometry_plus_topology,rf,lcd_pld_ratio,0.0031098655813344145,0.00041326449820894566
uptake(mmol/g) CO2 at 0.15 bar,17,1,500,geometry_plus_topology,rf,cavity_window_gap,0.008256999936628295,0.0002769907578721759
uptake(mmol/g) CO2 at 0.15 bar,17,1,500,geometry_plus_topology,rf,sa_pv_ratio,0.008141641702416358,0.000263334764342001
uptake(mmol/g) CO2 at 0.15 bar,17,1,500,geometry_plus_topology,rf,vf_density_ratio,0.07210545041773532,0.0007317470893204272
uptake(mmol/g) CO2 at 0.15 bar,17,1,500,geometry_plus_topology,rf,log_pld_plus1,0.00685325645730801,0.00019302523654456913
uptake(mmol/g) CO2 at 0.15 bar,17,1,500,geometry_plus_topology,rf,log_lcd_plus1,0.00739999906606903,0.0003227543563289462
uptake(mmol/g) CO2 at 0.15 bar,17,1,500,geometry_plus_topology,rf,topology_label___OTHER__,0.06254137098899279,0.0009208232881810692
uptake(mmol/g) CO2 at 0.15 bar,17,1,2000,geometry_plus_topology,rf,UC_volume,0.008959583679360094,0.00034582628036530343
uptake(mmol/g) CO2 at 0.15 bar,17,1,2000,geometry_plus_topology,rf,Density,0.02557175278760976,0.00026210446045697104
uptake(mmol/g) CO2 at 0.15 bar,17,1,2000,geometry_plus_topology,rf,ASA,0.005401021770713432,0.00016733598254137076
uptake(mmol/g) CO2 at 0.15 bar,17,1,2000,geometry_plus_topology,rf,vASA,0.011991994088816137,0.0007099566805956668
uptake(mmol/g) CO2 at 0.15 bar,17,1,2000,geometry_plus_topology,rf,NASA,0.0010600892810716301,7.805726450146668e-05
uptake(mmol/g) CO2 at 0.15 bar,17,1,2000,geometry_plus_topology,rf,AVA,0.00492337021252881,0.00020383940156121224
uptake(mmol/g) CO2 at 0.15 bar,17,1,2000,geometry_plus_topology,rf,AVAf,0.25468095341984165,0.000987360568355073
uptake(mmol/g) CO2 at 0.15 bar,17,1,2000,geometry_plus_topology,rf,POAVA,0.010324834570321162,0.00035963824765361773
uptake(mmol/g) CO2 at 0.15 bar,17,1,2000,geometry_plus_topology,rf,Df,0.00594108727537066,0.00028546272302995687
uptake(mmol/g) CO2 at 0.15 bar,17,1,2000,geometry_plus_topology,rf,Di,0.0017648829902695007,0.00011553368390825981
uptake(mmol/g) CO2 at 0.15 bar,17,1,2000,geometry_plus_topology,rf,Dif,0.007317221416158104,0.00029985870105600184
uptake(mmol/g) CO2 at 0.15 bar,17,1,2000,geometry_plus_topology,rf,lcd_pld_ratio,0.002957354858678596,0.0005772829250375976
uptake(mmol/g) CO2 at 0.15 bar,17,1,2000,geometry_plus_topology,rf,cavity_window_gap,0.0041176230695202706,0.0003209265240294705
uptake(mmol/g) CO2 at 0.15 bar,17,1,2000,geometry_plus_topology,rf,sa_pv_ratio,0.005837936818384048,0.0006350898734983261
uptake(mmol/g) CO2 at 0.15 bar,17,1,2000,geometry_plus_topology,rf,vf_density_ratio,0.09336493810248434,0.0007873936002579173
uptake(mmol/g) CO2 at 0.15 bar,17,1,2000,geometry_plus_topology,rf,log_pld_plus1,0.0056799894759686055,0.0002653507741429837
uptake(mmol/g) CO2 at 0.15 bar,17,1,2000,geometry_plus_topology,rf,log_lcd_plus1,0.002279071951288114,0.0001501459954921754
uptake(mmol/g) CO2 at 0.15 bar,17,1,2000,geometry_plus_topology,rf,topology_label___OTHER__,0.12609158699803458,0.0008514165157532724
uptake(mmol/g) CO2 at 0.15 bar,17,1,10000,geometry_plus_topology,rf,UC_volume,0.02154558755781033,0.00030718146021091816
uptake(mmol/g) CO2 at 0.15 bar,17,1,10000,geometry_plus_topology,rf,Density,0.04354322271863557,0.0008124555477060915
uptake(mmol/g) CO2 at 0.15 bar,17,1,10000,geometry_plus_topology,rf,ASA,0.019740051847547558,0.0006119032209835641
uptake(mmol/g) CO2 at 0.15 bar,17,1,10000,geometry_plus_topology,rf,vASA,0.028054338276547453,0.0007228936983368824
uptake(mmol/g) CO2 at 0.15 bar,17,1,10000,geometry_plus_topology,rf,NASA,0.0018249342002100155,0.00014680206377507086
uptake(mmol/g) CO2 at 0.15 bar,17,1,10000,geometry_plus_topology,rf,AVA,0.0084297350542761,0.00023931689711562622
uptake(mmol/g) CO2 at 0.15 bar,17,1,10000,geometry_plus_topology,rf,AVAf,0.18580338659637596,0.0010008326042395287
uptake(mmol/g) CO2 at 0.15 bar,17,1,10000,geometry_plus_topology,rf,POAVA,0.01354326027900229,0.00045982025810617185
uptake(mmol/g) CO2 at 0.15 bar,17,1,10000,geometry_plus_topology,rf,Df,0.0076712411378341725,0.0003002628489733743
uptake(mmol/g) CO2 at 0.15 bar,17,1,10000,geometry_plus_topology,rf,Di,0.007030891163191899,0.0002443490469469781
uptake(mmol/g) CO2 at 0.15 bar,17,1,10000,geometry_plus_topology,rf,Dif,0.0200594094039513,0.00042675073906336193
uptake(mmol/g) CO2 at 0.15 bar,17,1,10000,geometry_plus_topology,rf,lcd_pld_ratio,0.007259756288707886,0.0005440050581759715
uptake(mmol/g) CO2 at 0.15 bar,17,1,10000,geometry_plus_topology,rf,cavity_window_gap,0.005294411327379312,0.0002587204395408461
uptake(mmol/g) CO2 at 0.15 bar,17,1,10000,geometry_plus_topology,rf,sa_pv_ratio,0.018351373200401987,0.0003927585419755212
uptake(mmol/g) CO2 at 0.15 bar,17,1,10000,geometry_plus_topology,rf,vf_density_ratio,0.363389320714218,0.0017185055839928224
uptake(mmol/g) CO2 at 0.15 bar,17,1,10000,geometry_plus_topology,rf,log_pld_plus1,0.00890239937811237,0.00039483836467510083
uptake(mmol/g) CO2 at 0.15 bar,17,1,10000,geometry_plus_topology,rf,log_lcd_plus1,0.00771641456864558,0.0002530895028515573
uptake(mmol/g) CO2 at 0.15 bar,17,1,10000,geometry_plus_topology,rf,topology_label___OTHER__,0.15334801091436562,0.0013328711475363699
uptake(mmol/g) CO2 at 0.15 bar,17,1,210995,geometry_plus_topology,rf,UC_volume,0.10283220634580421,0.000929601498199695
uptake(mmol/g) CO2 at 0.15 bar,17,1,210995,geometry_plus_topology,rf,Density,0.13867540494757477,0.00135176984882688
uptake(mmol/g) CO2 at 0.15 bar,17,1,210995,geometry_plus_topology,rf,ASA,0.025175590549176747,0.0004979176074285454
uptake(mmol/g) CO2 at 0.15 bar,17,1,210995,geometry_plus_topology,rf,vASA,0.07005919400521232,0.0014084464220525095
uptake(mmol/g) CO2 at 0.15 bar,17,1,210995,geometry_plus_topology,rf,NASA,0.008428567600771642,0.00023295274680095547
uptake(mmol/g) CO2 at 0.15 bar,17,1,210995,geometry_plus_topology,rf,AVA,0.01683935729750178,0.0003462216219527188
uptake(mmol/g) CO2 at 0.15 bar,17,1,210995,geometry_plus_topology,rf,AVAf,0.28932405194317357,0.0013694330104949105
uptake(mmol/g) CO2 at 0.15 bar,17,1,210995,geometry_plus_topology,rf,POAVA,0.028775903582239727,0.0004866710598341062
uptake(mmol/g) CO2 at 0.15 bar,17,1,210995,geometry_plus_topology,rf,Df,0.03963342706845409,0.0005873408927716738
uptake(mmol/g) CO2 at 0.15 bar,17,1,210995,geometry_plus_topology,rf,Di,0.018257053048573092,0.00023876474348379263
uptake(mmol/g) CO2 at 0.15 bar,17,1,210995,geometry_plus_topology,rf,Dif,0.015882182981575666,0.00029357686775189734
uptake(mmol/g) CO2 at 0.15 bar,17,1,210995,geometry_plus_topology,rf,lcd_pld_ratio,0.023591186203827226,0.00073702431932113
uptake(mmol/g) CO2 at 0.15 bar,17,1,210995,geometry_plus_topology,rf,cavity_window_gap,0.015176296116222687,0.00030771393935636704
uptake(mmol/g) CO2 at 0.15 bar,17,1,210995,geometry_plus_topology,rf,sa_pv_ratio,0.022095530694873484,0.0003247567350642398
uptake(mmol/g) CO2 at 0.15 bar,17,1,210995,geometry_plus_topology,rf,vf_density_ratio,0.41682484870790304,0.0014818722018335832
uptake(mmol/g) CO2 at 0.15 bar,17,1,210995,geometry_plus_topology,rf,log_pld_plus1,0.03552519651880846,0.0005336462761848656
uptake(mmol/g) CO2 at 0.15 bar,17,1,210995,geometry_plus_topology,rf,log_lcd_plus1,0.02199486277752984,0.00036738002014100285
uptake(mmol/g) CO2 at 0.15 bar,17,1,210995,geometry_plus_topology,rf,topology_label___OTHER__,0.24192787055841242,0.0012382230432057915
uptake(mmol/g) CO2 at 0.15 bar,17,2,500,geometry_plus_topology,rf,UC_volume,0.004955801588730735,0.00019117715301129694
uptake(mmol/g) CO2 at 0.15 bar,17,2,500,geometry_plus_topology,rf,Density,0.020753569236584023,0.00048647454700096615
uptake(mmol/g) CO2 at 0.15 bar,17,2,500,geometry_plus_topology,rf,ASA,-0.001103348927749881,9.028050616562882e-05
uptake(mmol/g) CO2 at 0.15 bar,17,2,500,geometry_plus_topology,rf,vASA,0.010236750330146427,0.0004201144644073608
uptake(mmol/g) CO2 at 0.15 bar,17,2,500,geometry_plus_topology,rf,NASA,-0.0008144027707201462,3.150073853331406e-05
uptake(mmol/g) CO2 at 0.15 bar,17,2,500,geometry_plus_topology,rf,AVA,0.05601792917221465,0.000597396130950307
uptake(mmol/g) CO2 at 0.15 bar,17,2,500,geometry_plus_topology,rf,AVAf,0.12472577647100982,0.0008275614387333031
uptake(mmol/g) CO2 at 0.15 bar,17,2,500,geometry_plus_topology,rf,POAVA,-0.0009067298854460559,9.732887754151287e-05
uptake(mmol/g) CO2 at 0.15 bar,17,2,500,geometry_plus_topology,rf,Df,0.0017446956017791448,0.00014109124184914635
uptake(mmol/g) CO2 at 0.15 bar,17,2,500,geometry_plus_topology,rf,Di,-0.00042033999450371564,0.00012884288148917562
uptake(mmol/g) CO2 at 0.15 bar,17,2,500,geometry_plus_topology,rf,Dif,0.001243346871367279,0.00014762512341531692
uptake(mmol/g) CO2 at 0.15 bar,17,2,500,geometry_plus_topology,rf,lcd_pld_ratio,-0.002625678056401215,0.0002329693109666901
uptake(mmol/g) CO2 at 0.15 bar,17,2,500,geometry_plus_topology,rf,cavity_window_gap,0.0002992531830668388,0.0004174452092828563
uptake(mmol/g) CO2 at 0.15 bar,17,2,500,geometry_plus_topology,rf,sa_pv_ratio,0.0029666100188066036,0.00010577279411839468
uptake(mmol/g) CO2 at 0.15 bar,17,2,500,geometry_plus_topology,rf,vf_density_ratio,0.039379299172128436,0.0006070525403047188
uptake(mmol/g) CO2 at 0.15 bar,17,2,500,geometry_plus_topology,rf,log_pld_plus1,0.0015168321855569267,9.32290805097047e-05
uptake(mmol/g) CO2 at 0.15 bar,17,2,500,geometry_plus_topology,rf,log_lcd_plus1,-0.0008704578138716724,8.48307104698464e-05
uptake(mmol/g) CO2 at 0.15 bar,17,2,500,geometry_plus_topology,rf,topology_label___OTHER__,0.08085810949484892,0.0012454210774332584
uptake(mmol/g) CO2 at 0.15 bar,17,2,2000,geometry_plus_topology,rf,UC_volume,0.012084192642600623,0.0002633437475684386
uptake(mmol/g) CO2 at 0.15 bar,17,2,2000,geometry_plus_topology,rf,Density,0.01314892015748238,0.00033898986057768804
uptake(mmol/g) CO2 at 0.15 bar,17,2,2000,geometry_plus_topology,rf,ASA,0.004018988882182861,0.0001590367226423914
uptake(mmol/g) CO2 at 0.15 bar,17,2,2000,geometry_plus_topology,rf,vASA,0.012004471911623849,0.000364623287987253
uptake(mmol/g) CO2 at 0.15 bar,17,2,2000,geometry_plus_topology,rf,NASA,0.002228191674909319,0.00012381027344940824
uptake(mmol/g) CO2 at 0.15 bar,17,2,2000,geometry_plus_topology,rf,AVA,0.11755268343118852,0.0005138372105626609
uptake(mmol/g) CO2 at 0.15 bar,17,2,2000,geometry_plus_topology,rf,AVAf,0.1572509911775303,0.0009783236003351957
uptake(mmol/g) CO2 at 0.15 bar,17,2,2000,geometry_plus_topology,rf,POAVA,0.003602827719750401,0.00020355108420384377
uptake(mmol/g) CO2 at 0.15 bar,17,2,2000,geometry_plus_topology,rf,Df,0.0057292615380502565,0.00028583142698547276
uptake(mmol/g) CO2 at 0.15 bar,17,2,2000,geometry_plus_topology,rf,Di,0.003095788318822168,8.669593448140856e-05
uptake(mmol/g) CO2 at 0.15 bar,17,2,2000,geometry_plus_topology,rf,Dif,0.006936466684064091,0.00015920295893990968
uptake(mmol/g) CO2 at 0.15 bar,17,2,2000,geometry_plus_topology,rf,lcd_pld_ratio,0.002508122335629892,0.00020344489089372365
uptake(mmol/g) CO2 at 0.15 bar,17,2,2000,geometry_plus_topology,rf,cavity_window_gap,0.0028201369925018095,0.0002932503229008004
uptake(mmol/g) CO2 at 0.15 bar,17,2,2000,geometry_plus_topology,rf,sa_pv_ratio,0.00556875784573011,0.00017181232198347946
uptake(mmol/g) CO2 at 0.15 bar,17,2,2000,geometry_plus_topology,rf,vf_density_ratio,0.11072398636321164,0.00108141677119101
uptake(mmol/g) CO2 at 0.15 bar,17,2,2000,geometry_plus_topology,rf,log_pld_plus1,0.006415118087956906,0.0003539060730983236
uptake(mmol/g) CO2 at 0.15 bar,17,2,2000,geometry_plus_topology,rf,log_lcd_plus1,0.002189408620418043,8.406253848038221e-05
uptake(mmol/g) CO2 at 0.15 bar,17,2,2000,geometry_plus_topology,rf,topology_label___OTHER__,0.13759146142406037,0.001641691150745811
uptake(mmol/g) CO2 at 0.15 bar,17,2,10000,geometry_plus_topology,rf,UC_volume,0.025507655652409766,0.0006617353775700785
uptake(mmol/g) CO2 at 0.15 bar,17,2,10000,geometry_plus_topology,rf,Density,0.04269386151447395,0.0007460583319093641
uptake(mmol/g) CO2 at 0.15 bar,17,2,10000,geometry_plus_topology,rf,ASA,0.018428781410362593,0.0001834038480577539
uptake(mmol/g) CO2 at 0.15 bar,17,2,10000,geometry_plus_topology,rf,vASA,0.030978454233667664,0.0007726936168037549
uptake(mmol/g) CO2 at 0.15 bar,17,2,10000,geometry_plus_topology,rf,NASA,0.0007971529293456681,9.591299477125063e-05
uptake(mmol/g) CO2 at 0.15 bar,17,2,10000,geometry_plus_topology,rf,AVA,0.004454414961531661,0.0002824757957624032
uptake(mmol/g) CO2 at 0.15 bar,17,2,10000,geometry_plus_topology,rf,AVAf,0.23347264703712925,0.0006556001960763379
uptake(mmol/g) CO2 at 0.15 bar,17,2,10000,geometry_plus_topology,rf,POAVA,0.009413349130182913,0.0002956661626629667
uptake(mmol/g) CO2 at 0.15 bar,17,2,10000,geometry_plus_topology,rf,Df,0.010426535536047832,0.00037512077085499886
uptake(mmol/g) CO2 at 0.15 bar,17,2,10000,geometry_plus_topology,rf,Di,0.005225209638937467,0.00019041890344436623
uptake(mmol/g) CO2 at 0.15 bar,17,2,10000,geometry_plus_topology,rf,Dif,0.019236449209153718,0.00028004899422175367
uptake(mmol/g) CO2 at 0.15 bar,17,2,10000,geometry_plus_topology,rf,lcd_pld_ratio,0.0033225320940145297,0.0002037126173614893
uptake(mmol/g) CO2 at 0.15 bar,17,2,10000,geometry_plus_topology,rf,cavity_window_gap,0.0047484678611523275,0.00018182650587137824
uptake(mmol/g) CO2 at 0.15 bar,17,2,10000,geometry_plus_topology,rf,sa_pv_ratio,0.008421118406432403,0.0002693529710587424
uptake(mmol/g) CO2 at 0.15 bar,17,2,10000,geometry_plus_topology,rf,vf_density_ratio,0.36587475117397006,0.0021599217043852758
uptake(mmol/g) CO2 at 0.15 bar,17,2,10000,geometry_plus_topology,rf,log_pld_plus1,0.010223109284981869,0.0003644911333200531
uptake(mmol/g) CO2 at 0.15 bar,17,2,10000,geometry_plus_topology,rf,log_lcd_plus1,0.003899244010309155,0.0001520508239768254
uptake(mmol/g) CO2 at 0.15 bar,17,2,10000,geometry_plus_topology,rf,topology_label___OTHER__,0.17673902404543607,0.0019832742728697786
uptake(mmol/g) CO2 at 0.15 bar,17,2,210995,geometry_plus_topology,rf,UC_volume,0.10205915144332298,0.0013841858446274641
uptake(mmol/g) CO2 at 0.15 bar,17,2,210995,geometry_plus_topology,rf,Density,0.13705610560893428,0.0006317580042790738
uptake(mmol/g) CO2 at 0.15 bar,17,2,210995,geometry_plus_topology,rf,ASA,0.025202006397828675,0.0005109629738725184
uptake(mmol/g) CO2 at 0.15 bar,17,2,210995,geometry_plus_topology,rf,vASA,0.06650106325420267,0.0005541266914941128
uptake(mmol/g) CO2 at 0.15 bar,17,2,210995,geometry_plus_topology,rf,NASA,0.0084896219881829,0.00022475310482531
uptake(mmol/g) CO2 at 0.15 bar,17,2,210995,geometry_plus_topology,rf,AVA,0.017646449025751465,0.00022799462280407171
uptake(mmol/g) CO2 at 0.15 bar,17,2,210995,geometry_plus_topology,rf,AVAf,0.2934814771450402,0.0016372728559959841
uptake(mmol/g) CO2 at 0.15 bar,17,2,210995,geometry_plus_topology,rf,POAVA,0.028051618970091667,0.0007021591713257914
uptake(mmol/g) CO2 at 0.15 bar,17,2,210995,geometry_plus_topology,rf,Df,0.037724824367615234,0.0006251523595298809
uptake(mmol/g) CO2 at 0.15 bar,17,2,210995,geometry_plus_topology,rf,Di,0.019344002064576767,0.00027820791588703883
uptake(mmol/g) CO2 at 0.15 bar,17,2,210995,geometry_plus_topology,rf,Dif,0.015313306972339074,0.0004355654853197397
uptake(mmol/g) CO2 at 0.15 bar,17,2,210995,geometry_plus_topology,rf,lcd_pld_ratio,0.022061262421354345,0.000647407078873195
uptake(mmol/g) CO2 at 0.15 bar,17,2,210995,geometry_plus_topology,rf,cavity_window_gap,0.013690511305537612,0.00031551917051854834
uptake(mmol/g) CO2 at 0.15 bar,17,2,210995,geometry_plus_topology,rf,sa_pv_ratio,0.02128933048931934,0.00037439082696352717
uptake(mmol/g) CO2 at 0.15 bar,17,2,210995,geometry_plus_topology,rf,vf_density_ratio,0.41230434115011344,0.0020890107786759185
uptake(mmol/g) CO2 at 0.15 bar,17,2,210995,geometry_plus_topology,rf,log_pld_plus1,0.033804431407458965,0.0005713445605785508
uptake(mmol/g) CO2 at 0.15 bar,17,2,210995,geometry_plus_topology,rf,log_lcd_plus1,0.02080068779645173,0.00030493375728652344
uptake(mmol/g) CO2 at 0.15 bar,17,2,210995,geometry_plus_topology,rf,topology_label___OTHER__,0.241704806760757,0.0021268932744564904
uptake(mmol/g) CO2 at 0.15 bar,17,3,500,geometry_plus_topology,rf,UC_volume,0.0014373971916187278,0.00024476590232901736
uptake(mmol/g) CO2 at 0.15 bar,17,3,500,geometry_plus_topology,rf,Density,0.0203511146856852,0.00027885451601413874
uptake(mmol/g) CO2 at 0.15 bar,17,3,500,geometry_plus_topology,rf,ASA,-0.00044360352052514874,0.00010247857466021572
uptake(mmol/g) CO2 at 0.15 bar,17,3,500,geometry_plus_topology,rf,vASA,0.0033177093433702344,0.00024596154236427003
uptake(mmol/g) CO2 at 0.15 bar,17,3,500,geometry_plus_topology,rf,NASA,-0.0010346049977844717,0.0002656830059008498
uptake(mmol/g) CO2 at 0.15 bar,17,3,500,geometry_plus_topology,rf,AVA,0.010832157451652358,0.00042396717329579837
uptake(mmol/g) CO2 at 0.15 bar,17,3,500,geometry_plus_topology,rf,AVAf,0.15669009931050132,0.0013044271892639074
uptake(mmol/g) CO2 at 0.15 bar,17,3,500,geometry_plus_topology,rf,POAVA,-0.001425423413156357,0.00012279421766055008
uptake(mmol/g) CO2 at 0.15 bar,17,3,500,geometry_plus_topology,rf,Df,0.0041326161112248735,0.00012073678983855485
uptake(mmol/g) CO2 at 0.15 bar,17,3,500,geometry_plus_topology,rf,Di,0.002778155327360998,0.00026580458453450914
uptake(mmol/g) CO2 at 0.15 bar,17,3,500,geometry_plus_topology,rf,Dif,0.004940688627645795,0.00021722242486891787
uptake(mmol/g) CO2 at 0.15 bar,17,3,500,geometry_plus_topology,rf,lcd_pld_ratio,7.423464367530829e-05,0.000222341281108739
uptake(mmol/g) CO2 at 0.15 bar,17,3,500,geometry_plus_topology,rf,cavity_window_gap,-0.0004239472981360182,0.00043032453609390527
uptake(mmol/g) CO2 at 0.15 bar,17,3,500,geometry_plus_topology,rf,sa_pv_ratio,-0.000986348905199097,0.00017456940732091944
uptake(mmol/g) CO2 at 0.15 bar,17,3,500,geometry_plus_topology,rf,vf_density_ratio,0.013320331452572309,0.00046341759580610686
uptake(mmol/g) CO2 at 0.15 bar,17,3,500,geometry_plus_topology,rf,log_pld_plus1,0.0035427546599831163,0.00015369739033810337
uptake(mmol/g) CO2 at 0.15 bar,17,3,500,geometry_plus_topology,rf,log_lcd_plus1,0.004454181054883289,0.00024831575238067874
uptake(mmol/g) CO2 at 0.15 bar,17,3,500,geometry_plus_topology,rf,topology_label___OTHER__,0.0763968344022292,0.0010748324063426056
uptake(mmol/g) CO2 at 0.15 bar,17,3,2000,geometry_plus_topology,rf,UC_volume,0.01041773825432799,0.0004012954331762264
uptake(mmol/g) CO2 at 0.15 bar,17,3,2000,geometry_plus_topology,rf,Density,0.01812922070326186,0.00022454464369536705
uptake(mmol/g) CO2 at 0.15 bar,17,3,2000,geometry_plus_topology,rf,ASA,0.0015171415915061215,9.94151969870379e-05
uptake(mmol/g) CO2 at 0.15 bar,17,3,2000,geometry_plus_topology,rf,vASA,0.004852511010902017,0.00021302327729198035
uptake(mmol/g) CO2 at 0.15 bar,17,3,2000,geometry_plus_topology,rf,NASA,0.0005524331581382658,0.00024922652771943343
uptake(mmol/g) CO2 at 0.15 bar,17,3,2000,geometry_plus_topology,rf,AVA,0.004127108651705768,0.00013400936506376924
uptake(mmol/g) CO2 at 0.15 bar,17,3,2000,geometry_plus_topology,rf,AVAf,0.21458924234351176,0.0014169447575889315
uptake(mmol/g) CO2 at 0.15 bar,17,3,2000,geometry_plus_topology,rf,POAVA,-9.788817762667046e-05,0.00014385997286669213
uptake(mmol/g) CO2 at 0.15 bar,17,3,2000,geometry_plus_topology,rf,Df,0.006674316371393552,0.00020501563104554114
uptake(mmol/g) CO2 at 0.15 bar,17,3,2000,geometry_plus_topology,rf,Di,0.0030878362436968397,0.0001241603301017403
uptake(mmol/g) CO2 at 0.15 bar,17,3,2000,geometry_plus_topology,rf,Dif,0.014240312293528701,0.0004399995564337252
uptake(mmol/g) CO2 at 0.15 bar,17,3,2000,geometry_plus_topology,rf,lcd_pld_ratio,0.0001464456613204046,0.00018119377884063018
uptake(mmol/g) CO2 at 0.15 bar,17,3,2000,geometry_plus_topology,rf,cavity_window_gap,0.005377465247548308,0.0002124190598417835
uptake(mmol/g) CO2 at 0.15 bar,17,3,2000,geometry_plus_topology,rf,sa_pv_ratio,0.021317766829924988,0.0005839485592129689
uptake(mmol/g) CO2 at 0.15 bar,17,3,2000,geometry_plus_topology,rf,vf_density_ratio,0.35201761105994056,0.0016982615065846407
uptake(mmol/g) CO2 at 0.15 bar,17,3,2000,geometry_plus_topology,rf,log_pld_plus1,0.004551731253034053,0.00023039390709391622
uptake(mmol/g) CO2 at 0.15 bar,17,3,2000,geometry_plus_topology,rf,log_lcd_plus1,0.0046919735101313975,0.00012538640850190557
uptake(mmol/g) CO2 at 0.15 bar,17,3,2000,geometry_plus_topology,rf,topology_label___OTHER__,0.10243500770953964,0.0013325567452340409
uptake(mmol/g) CO2 at 0.15 bar,17,3,10000,geometry_plus_topology,rf,UC_volume,0.020376398512873685,0.00046801631806382384
uptake(mmol/g) CO2 at 0.15 bar,17,3,10000,geometry_plus_topology,rf,Density,0.04130943334673557,0.0004724710022100946
uptake(mmol/g) CO2 at 0.15 bar,17,3,10000,geometry_plus_topology,rf,ASA,0.01362924475140027,0.0002813782863519883
uptake(mmol/g) CO2 at 0.15 bar,17,3,10000,geometry_plus_topology,rf,vASA,0.02700218733197023,0.0008663499492098245
uptake(mmol/g) CO2 at 0.15 bar,17,3,10000,geometry_plus_topology,rf,NASA,0.004184423542999294,0.00037265112527254835
uptake(mmol/g) CO2 at 0.15 bar,17,3,10000,geometry_plus_topology,rf,AVA,0.0041157812463139985,0.0001600096733039534
uptake(mmol/g) CO2 at 0.15 bar,17,3,10000,geometry_plus_topology,rf,AVAf,0.18255367382550505,0.0013337698995127712
uptake(mmol/g) CO2 at 0.15 bar,17,3,10000,geometry_plus_topology,rf,POAVA,0.00861567537952942,0.000219017611534253
uptake(mmol/g) CO2 at 0.15 bar,17,3,10000,geometry_plus_topology,rf,Df,0.006864712258166738,0.00030416979735014817
uptake(mmol/g) CO2 at 0.15 bar,17,3,10000,geometry_plus_topology,rf,Di,0.00905745520454041,0.00030758397285785905
uptake(mmol/g) CO2 at 0.15 bar,17,3,10000,geometry_plus_topology,rf,Dif,0.007151673022109584,0.00043441904599347
uptake(mmol/g) CO2 at 0.15 bar,17,3,10000,geometry_plus_topology,rf,lcd_pld_ratio,0.0055011563714600035,0.00029806239556113634
uptake(mmol/g) CO2 at 0.15 bar,17,3,10000,geometry_plus_topology,rf,cavity_window_gap,0.004743867492810272,0.0005235884179609601
uptake(mmol/g) CO2 at 0.15 bar,17,3,10000,geometry_plus_topology,rf,sa_pv_ratio,0.01768616911261923,0.0006941517801658617
uptake(mmol/g) CO2 at 0.15 bar,17,3,10000,geometry_plus_topology,rf,vf_density_ratio,0.2920048727199462,0.0016179040267245987
uptake(mmol/g) CO2 at 0.15 bar,17,3,10000,geometry_plus_topology,rf,log_pld_plus1,0.0053440432649101925,0.0002637558384783882
uptake(mmol/g) CO2 at 0.15 bar,17,3,10000,geometry_plus_topology,rf,log_lcd_plus1,0.010660948388098269,0.0003398430646006421
uptake(mmol/g) CO2 at 0.15 bar,17,3,10000,geometry_plus_topology,rf,topology_label___OTHER__,0.15909955863669556,0.0017207993668332234
uptake(mmol/g) CO2 at 0.15 bar,17,3,210995,geometry_plus_topology,rf,UC_volume,0.10402632985673972,0.0014521024664015006
uptake(mmol/g) CO2 at 0.15 bar,17,3,210995,geometry_plus_topology,rf,Density,0.13269426746447616,0.0007291152953995323
uptake(mmol/g) CO2 at 0.15 bar,17,3,210995,geometry_plus_topology,rf,ASA,0.027138379807839712,0.0005454013867859349
uptake(mmol/g) CO2 at 0.15 bar,17,3,210995,geometry_plus_topology,rf,vASA,0.0715602810161758,0.0009031368257743322
uptake(mmol/g) CO2 at 0.15 bar,17,3,210995,geometry_plus_topology,rf,NASA,0.008358223852797508,0.0002251859779805668
uptake(mmol/g) CO2 at 0.15 bar,17,3,210995,geometry_plus_topology,rf,AVA,0.0158300239969212,0.0003150891149013756
uptake(mmol/g) CO2 at 0.15 bar,17,3,210995,geometry_plus_topology,rf,AVAf,0.2848379971315941,0.0018055841823283476
uptake(mmol/g) CO2 at 0.15 bar,17,3,210995,geometry_plus_topology,rf,POAVA,0.027557461954507513,0.0003468964726705877
uptake(mmol/g) CO2 at 0.15 bar,17,3,210995,geometry_plus_topology,rf,Df,0.0349563905014547,0.0005308898670535882
uptake(mmol/g) CO2 at 0.15 bar,17,3,210995,geometry_plus_topology,rf,Di,0.020902576560272577,0.00036602614833073423
uptake(mmol/g) CO2 at 0.15 bar,17,3,210995,geometry_plus_topology,rf,Dif,0.017699564418256614,0.000544981230868849
uptake(mmol/g) CO2 at 0.15 bar,17,3,210995,geometry_plus_topology,rf,lcd_pld_ratio,0.020914126436250857,0.0004510211647899765
uptake(mmol/g) CO2 at 0.15 bar,17,3,210995,geometry_plus_topology,rf,cavity_window_gap,0.013281958381733416,0.0002614003115780683
uptake(mmol/g) CO2 at 0.15 bar,17,3,210995,geometry_plus_topology,rf,sa_pv_ratio,0.02090101628787768,0.0005058369780661631
uptake(mmol/g) CO2 at 0.15 bar,17,3,210995,geometry_plus_topology,rf,vf_density_ratio,0.405325968923825,0.002235680885436176
uptake(mmol/g) CO2 at 0.15 bar,17,3,210995,geometry_plus_topology,rf,log_pld_plus1,0.033400331711057024,0.0004925859192754043
uptake(mmol/g) CO2 at 0.15 bar,17,3,210995,geometry_plus_topology,rf,log_lcd_plus1,0.017725648447751437,0.00031430122762989465
uptake(mmol/g) CO2 at 0.15 bar,17,3,210995,geometry_plus_topology,rf,topology_label___OTHER__,0.24287981188016308,0.0020171735305004337
uptake(mmol/g) CO2 at 0.15 bar,17,4,500,geometry_plus_topology,rf,UC_volume,0.010208126245106386,0.00038221033535771216
uptake(mmol/g) CO2 at 0.15 bar,17,4,500,geometry_plus_topology,rf,Density,0.009862270076395873,0.00010337962025510725
uptake(mmol/g) CO2 at 0.15 bar,17,4,500,geometry_plus_topology,rf,ASA,0.0004790906948548224,0.00014229180400338607
uptake(mmol/g) CO2 at 0.15 bar,17,4,500,geometry_plus_topology,rf,vASA,0.004720658185636661,0.0003479802205316447
uptake(mmol/g) CO2 at 0.15 bar,17,4,500,geometry_plus_topology,rf,NASA,0.0011532842734985893,6.616897438180176e-05
uptake(mmol/g) CO2 at 0.15 bar,17,4,500,geometry_plus_topology,rf,AVA,0.0022945849865160907,0.00015666413934926524
uptake(mmol/g) CO2 at 0.15 bar,17,4,500,geometry_plus_topology,rf,AVAf,0.3133785507108204,0.0010911893997542828
uptake(mmol/g) CO2 at 0.15 bar,17,4,500,geometry_plus_topology,rf,POAVA,0.0012589127528655041,0.0002300749503420346
uptake(mmol/g) CO2 at 0.15 bar,17,4,500,geometry_plus_topology,rf,Df,0.0005695495308171816,8.004810729400242e-05
uptake(mmol/g) CO2 at 0.15 bar,17,4,500,geometry_plus_topology,rf,Di,0.0010019841400569773,3.4153607376437214e-05
uptake(mmol/g) CO2 at 0.15 bar,17,4,500,geometry_plus_topology,rf,Dif,0.0015589094533435932,0.0001421519149169174
uptake(mmol/g) CO2 at 0.15 bar,17,4,500,geometry_plus_topology,rf,lcd_pld_ratio,0.0009808709595788613,0.00017637802741626241
uptake(mmol/g) CO2 at 0.15 bar,17,4,500,geometry_plus_topology,rf,cavity_window_gap,0.005288004663761059,0.00039384625751952426
uptake(mmol/g) CO2 at 0.15 bar,17,4,500,geometry_plus_topology,rf,sa_pv_ratio,0.008678366654752735,0.0004542230330421009
uptake(mmol/g) CO2 at 0.15 bar,17,4,500,geometry_plus_topology,rf,vf_density_ratio,0.05665657548856575,0.00031379408623770166
uptake(mmol/g) CO2 at 0.15 bar,17,4,500,geometry_plus_topology,rf,log_pld_plus1,0.0016543699243929066,6.475772775825492e-05
uptake(mmol/g) CO2 at 0.15 bar,17,4,500,geometry_plus_topology,rf,log_lcd_plus1,0.0020099969286048293,5.793506710447658e-05
uptake(mmol/g) CO2 at 0.15 bar,17,4,500,geometry_plus_topology,rf,topology_label___OTHER__,0.07131706679695163,0.0007669279253087964
uptake(mmol/g) CO2 at 0.15 bar,17,4,2000,geometry_plus_topology,rf,UC_volume,0.009774139482218957,0.00037595434907960974
uptake(mmol/g) CO2 at 0.15 bar,17,4,2000,geometry_plus_topology,rf,Density,0.021132138855506976,0.0005081012697825943
uptake(mmol/g) CO2 at 0.15 bar,17,4,2000,geometry_plus_topology,rf,ASA,0.013921974275252403,0.000376047983852855
uptake(mmol/g) CO2 at 0.15 bar,17,4,2000,geometry_plus_topology,rf,vASA,0.01218668200710793,0.0004921172373623431
uptake(mmol/g) CO2 at 0.15 bar,17,4,2000,geometry_plus_topology,rf,NASA,0.0048839684598854126,0.00016172499090738636
uptake(mmol/g) CO2 at 0.15 bar,17,4,2000,geometry_plus_topology,rf,AVA,0.008257926111666935,0.0002104273421400536
uptake(mmol/g) CO2 at 0.15 bar,17,4,2000,geometry_plus_topology,rf,AVAf,0.16183261677385935,0.0009037631136299864
uptake(mmol/g) CO2 at 0.15 bar,17,4,2000,geometry_plus_topology,rf,POAVA,0.004259185680949018,0.00017196021112272098
uptake(mmol/g) CO2 at 0.15 bar,17,4,2000,geometry_plus_topology,rf,Df,0.0023304346321022075,0.0001674525999503307
uptake(mmol/g) CO2 at 0.15 bar,17,4,2000,geometry_plus_topology,rf,Di,0.0013817622460641221,0.00014836769928937423
uptake(mmol/g) CO2 at 0.15 bar,17,4,2000,geometry_plus_topology,rf,Dif,0.0037707979680061563,0.00018362228886160842
uptake(mmol/g) CO2 at 0.15 bar,17,4,2000,geometry_plus_topology,rf,lcd_pld_ratio,0.002842282474269031,0.00026715814649715954
uptake(mmol/g) CO2 at 0.15 bar,17,4,2000,geometry_plus_topology,rf,cavity_window_gap,0.0027736036843323377,0.0002395493706203852
uptake(mmol/g) CO2 at 0.15 bar,17,4,2000,geometry_plus_topology,rf,sa_pv_ratio,0.0061165635557407835,0.0002915519125389596
uptake(mmol/g) CO2 at 0.15 bar,17,4,2000,geometry_plus_topology,rf,vf_density_ratio,0.16185151655309643,0.0011054013586203038
uptake(mmol/g) CO2 at 0.15 bar,17,4,2000,geometry_plus_topology,rf,log_pld_plus1,0.0031007365814353038,0.00016372281594860096
uptake(mmol/g) CO2 at 0.15 bar,17,4,2000,geometry_plus_topology,rf,log_lcd_plus1,0.0012724485100643612,9.892040512318388e-05
uptake(mmol/g) CO2 at 0.15 bar,17,4,2000,geometry_plus_topology,rf,topology_label___OTHER__,0.1390865801573337,0.0014269632787701134
uptake(mmol/g) CO2 at 0.15 bar,17,4,10000,geometry_plus_topology,rf,UC_volume,0.02224308615666567,0.0004260966893036133
uptake(mmol/g) CO2 at 0.15 bar,17,4,10000,geometry_plus_topology,rf,Density,0.05499359546548249,0.0006264396791737695
uptake(mmol/g) CO2 at 0.15 bar,17,4,10000,geometry_plus_topology,rf,ASA,0.014916551932539513,0.00040821422398724943
uptake(mmol/g) CO2 at 0.15 bar,17,4,10000,geometry_plus_topology,rf,vASA,0.020330065431382983,0.0004612977731495423
uptake(mmol/g) CO2 at 0.15 bar,17,4,10000,geometry_plus_topology,rf,NASA,0.0005324825782046738,0.00019847534650211589
uptake(mmol/g) CO2 at 0.15 bar,17,4,10000,geometry_plus_topology,rf,AVA,0.005844055517061475,0.000274278828083549
uptake(mmol/g) CO2 at 0.15 bar,17,4,10000,geometry_plus_topology,rf,AVAf,0.21921457363288313,0.0010491054512051462
uptake(mmol/g) CO2 at 0.15 bar,17,4,10000,geometry_plus_topology,rf,POAVA,0.01272515043952328,0.00019496709445275895
uptake(mmol/g) CO2 at 0.15 bar,17,4,10000,geometry_plus_topology,rf,Df,0.00723337873488269,0.00016187234279550314
uptake(mmol/g) CO2 at 0.15 bar,17,4,10000,geometry_plus_topology,rf,Di,0.00907031217245855,0.00027942665154796255
uptake(mmol/g) CO2 at 0.15 bar,17,4,10000,geometry_plus_topology,rf,Dif,0.009206847302171816,0.00021849713471967333
uptake(mmol/g) CO2 at 0.15 bar,17,4,10000,geometry_plus_topology,rf,lcd_pld_ratio,0.006680180858676099,0.0006843493982638403
uptake(mmol/g) CO2 at 0.15 bar,17,4,10000,geometry_plus_topology,rf,cavity_window_gap,0.00629771363645446,0.00036964074744909645
uptake(mmol/g) CO2 at 0.15 bar,17,4,10000,geometry_plus_topology,rf,sa_pv_ratio,0.008412318884167802,0.00020844325465910218
uptake(mmol/g) CO2 at 0.15 bar,17,4,10000,geometry_plus_topology,rf,vf_density_ratio,0.3150739807483943,0.001236267079589967
uptake(mmol/g) CO2 at 0.15 bar,17,4,10000,geometry_plus_topology,rf,log_pld_plus1,0.006006652054474981,0.000155674035474485
uptake(mmol/g) CO2 at 0.15 bar,17,4,10000,geometry_plus_topology,rf,log_lcd_plus1,0.01065149768734217,0.0002955432188244758
uptake(mmol/g) CO2 at 0.15 bar,17,4,10000,geometry_plus_topology,rf,topology_label___OTHER__,0.15747987444394154,0.0022936421735411214
uptake(mmol/g) CO2 at 0.15 bar,17,4,210995,geometry_plus_topology,rf,UC_volume,0.10263345936691486,0.0008415042412871761
uptake(mmol/g) CO2 at 0.15 bar,17,4,210995,geometry_plus_topology,rf,Density,0.13565290292361962,0.00101982328000759
uptake(mmol/g) CO2 at 0.15 bar,17,4,210995,geometry_plus_topology,rf,ASA,0.02469224099780785,0.0006447394523620035
uptake(mmol/g) CO2 at 0.15 bar,17,4,210995,geometry_plus_topology,rf,vASA,0.06682824850990357,0.0009889658551163073
uptake(mmol/g) CO2 at 0.15 bar,17,4,210995,geometry_plus_topology,rf,NASA,0.008273139048724686,0.00019716951454517862
uptake(mmol/g) CO2 at 0.15 bar,17,4,210995,geometry_plus_topology,rf,AVA,0.017327076990040758,0.00035621469063287493
uptake(mmol/g) CO2 at 0.15 bar,17,4,210995,geometry_plus_topology,rf,AVAf,0.28401361278801895,0.0013016171902311558
uptake(mmol/g) CO2 at 0.15 bar,17,4,210995,geometry_plus_topology,rf,POAVA,0.02719956909211363,0.0004770788086036091
uptake(mmol/g) CO2 at 0.15 bar,17,4,210995,geometry_plus_topology,rf,Df,0.035641913539779586,0.0009673085879908452
uptake(mmol/g) CO2 at 0.15 bar,17,4,210995,geometry_plus_topology,rf,Di,0.02084265158089123,0.00044149690944859807
uptake(mmol/g) CO2 at 0.15 bar,17,4,210995,geometry_plus_topology,rf,Dif,0.01493144535956179,0.00039854962181452814
uptake(mmol/g) CO2 at 0.15 bar,17,4,210995,geometry_plus_topology,rf,lcd_pld_ratio,0.02398606806932656,0.0003499484551761819
uptake(mmol/g) CO2 at 0.15 bar,17,4,210995,geometry_plus_topology,rf,cavity_window_gap,0.014895160493382364,0.00022599973452894218
uptake(mmol/g) CO2 at 0.15 bar,17,4,210995,geometry_plus_topology,rf,sa_pv_ratio,0.02173442195230712,0.0004189204392245682
uptake(mmol/g) CO2 at 0.15 bar,17,4,210995,geometry_plus_topology,rf,vf_density_ratio,0.4075514288623334,0.002768283166828821
uptake(mmol/g) CO2 at 0.15 bar,17,4,210995,geometry_plus_topology,rf,log_pld_plus1,0.037404255460445825,0.0008748261883125048
uptake(mmol/g) CO2 at 0.15 bar,17,4,210995,geometry_plus_topology,rf,log_lcd_plus1,0.019464908611367165,0.00045180291016742484
uptake(mmol/g) CO2 at 0.15 bar,17,4,210995,geometry_plus_topology,rf,topology_label___OTHER__,0.24096308941417477,0.0020581397550985914
